,id,end_date,start_date,project_id,created_at,updated_at,instructor_updated,active
0,3,2017-03-20 14:59:59,2017-03-15 15:00:00,5,2017-03-16 00:31:48,2017-04-24 15:33:28,1,1
1,4,2017-03-20 14:59:59,2017-03-16 15:00:00,4,2017-03-17 00:31:27,2017-04-24 15:33:28,1,1
2,5,2017-03-20 05:59:59,2017-03-16 06:00:00,3,2017-03-20 03:42:25,2017-04-24 15:33:30,1,1
3,6,2017-03-20 14:59:59,2017-03-16 15:00:00,3,2017-03-20 04:02:10,2017-04-24 15:33:31,1,1
4,7,2017-03-27 14:59:59,2017-03-22 15:00:00,5,2017-03-23 00:32:02,2017-04-24 15:33:32,1,1
5,8,2017-03-27 14:59:59,2017-03-23 15:00:00,3,2017-03-24 00:31:35,2017-04-24 15:33:33,1,1
6,9,2017-03-27 14:59:59,2017-03-23 15:00:00,4,2017-03-24 00:31:35,2017-04-24 15:33:33,1,1
7,10,2017-03-27 05:59:59,2017-03-23 06:00:00,3,2017-03-24 08:08:59,2017-04-24 15:33:35,1,1
8,11,2017-04-03 14:59:59,2017-03-29 15:00:00,5,2017-03-30 00:31:25,2017-04-24 15:33:36,1,1
9,12,2017-04-03 14:59:59,2017-03-30 15:00:00,3,2017-03-31 00:31:25,2017-04-24 15:33:37,1,1
10,13,2017-04-03 14:59:59,2017-03-30 15:00:00,4,2017-03-31 00:31:25,2017-04-24 15:33:38,1,1
11,14,2017-04-10 14:59:59,2017-04-05 15:00:00,5,2017-04-06 00:31:28,2017-04-24 15:33:39,1,1
12,15,2017-04-10 14:59:59,2017-04-06 15:00:00,3,2017-04-07 00:31:55,2017-04-24 15:33:41,1,1
13,16,2017-04-10 14:59:59,2017-04-06 15:00:00,4,2017-04-07 00:31:55,2017-04-24 15:33:41,1,1
14,17,2017-04-17 14:59:59,2017-04-12 15:00:00,5,2017-04-13 00:31:49,2017-04-24 15:33:43,1,1
15,18,2017-04-17 14:59:59,2017-04-13 15:00:00,3,2017-04-14 00:31:54,2017-04-24 15:33:46,1,1
16,19,2017-04-17 14:59:59,2017-04-13 15:00:00,4,2017-04-14 00:31:54,2017-04-24 15:33:46,1,1
17,20,2017-04-17 05:59:59,2017-04-12 06:00:00,5,2017-04-16 13:18:30,2017-04-24 15:33:47,1,1
18,21,2017-04-24 14:59:59,2017-04-19 15:00:00,5,2017-04-20 00:31:50,2017-04-24 15:33:48,1,1
19,22,2017-04-24 14:59:59,2017-04-20 15:00:00,3,2017-04-21 00:31:42,2017-04-24 15:33:50,1,1
20,23,2017-04-24 14:59:59,2017-04-20 15:00:00,4,2017-04-21 00:31:42,2017-04-24 15:33:51,1,1
21,24,2017-05-01 14:59:59,2017-04-26 15:00:00,5,2017-04-27 00:31:35,2017-05-01 15:32:40,1,1
22,25,2017-05-01 14:59:59,2017-04-27 15:00:00,3,2017-04-28 00:31:52,2017-05-01 15:32:41,1,1
23,26,2017-05-01 14:59:59,2017-04-27 15:00:00,4,2017-04-28 00:31:52,2017-05-01 15:32:41,1,1
24,27,2017-05-08 14:59:59,2017-05-03 15:00:00,5,2017-05-04 00:32:01,2017-05-10 15:31:26,1,1
25,28,2017-05-08 14:59:59,2017-05-04 15:00:00,3,2017-05-05 00:31:35,2017-05-10 15:31:28,1,1
26,29,2017-05-08 14:59:59,2017-05-04 15:00:00,4,2017-05-05 00:31:36,2017-05-10 15:31:28,1,1
27,30,2017-05-15 14:59:59,2017-05-10 15:00:00,5,2017-05-11 00:31:40,2017-05-15 15:31:18,1,1
28,31,2017-05-15 05:59:59,2017-05-10 06:00:00,5,2017-05-11 02:41:49,2017-05-15 06:31:30,1,1
29,32,2017-05-15 14:59:59,2017-05-11 15:00:00,3,2017-05-12 00:31:32,2017-05-15 15:31:19,1,1
30,33,2017-05-15 14:59:59,2017-05-11 15:00:00,4,2017-05-12 00:31:32,2017-05-15 15:31:19,1,1
31,34,2017-05-22 14:59:59,2017-05-17 15:00:00,5,2017-05-18 00:31:51,2017-05-22 15:30:33,1,1
32,35,2017-05-22 14:59:59,2017-05-18 15:00:00,3,2017-05-19 00:31:16,2017-05-22 15:30:36,1,1
33,36,2017-05-22 14:59:59,2017-05-18 15:00:00,4,2017-05-19 00:31:16,2017-05-22 15:30:40,1,1
34,37,2017-05-29 14:59:59,2017-05-24 15:00:00,5,2017-05-25 00:31:32,2017-05-29 15:31:09,1,1
35,38,2017-05-29 14:59:59,2017-05-25 15:00:00,3,2017-05-26 00:31:31,2017-05-29 15:31:11,1,1
36,39,2017-05-29 14:59:59,2017-05-25 15:00:00,4,2017-05-26 00:31:31,2017-05-29 15:31:11,1,1
37,40,2017-06-12 14:59:59,2017-06-07 15:00:00,5,2017-06-08 00:31:26,2017-06-12 15:31:28,1,1
38,41,2017-06-12 14:59:59,2017-06-08 15:00:00,4,2017-06-09 00:31:44,2017-06-12 15:31:29,1,1
39,42,2017-06-19 14:59:59,2017-06-14 15:00:00,5,2017-06-15 00:31:54,2017-06-19 15:21:19,1,1
40,43,2017-06-19 05:59:59,2017-06-14 06:00:00,5,2017-06-15 13:32:11,2017-06-19 06:30:32,1,1
41,44,2017-06-19 14:59:59,2017-06-15 15:00:00,3,2017-06-16 00:31:43,2017-06-19 15:21:18,1,1
42,45,2017-06-19 14:59:59,2017-06-15 15:00:00,4,2017-06-16 00:31:43,2017-06-19 15:21:18,1,1
43,46,2017-09-18 14:59:59,2017-09-14 15:00:00,6,2017-09-15 00:20:31,2017-09-18 15:21:22,1,1
44,47,2017-09-17 14:59:59,2017-09-14 15:00:00,7,2017-09-15 00:20:31,2017-09-17 15:20:50,1,1
45,48,2017-09-18 14:59:59,2017-09-14 15:00:00,8,2017-09-15 00:20:31,2017-09-18 15:21:22,1,1
46,49,2017-09-18 14:59:59,2017-09-14 15:00:00,9,2017-09-15 00:20:31,2017-09-18 15:21:24,1,1
47,50,2017-09-18 14:59:59,2017-09-14 15:00:00,7,2017-09-18 22:20:47,2017-09-18 22:20:50,1,1
48,51,2017-09-25 14:59:59,2017-09-21 15:00:00,6,2017-09-22 00:20:48,2017-09-25 15:21:05,1,1
49,52,2017-09-25 14:59:59,2017-09-21 15:00:00,7,2017-09-22 00:20:48,2017-09-25 15:21:06,1,1
50,53,2017-09-25 14:59:59,2017-09-21 15:00:00,8,2017-09-22 00:20:48,2017-09-25 15:21:07,1,1
51,54,2017-09-25 14:59:59,2017-09-21 15:00:00,9,2017-09-22 00:20:48,2017-09-25 15:21:09,1,1
52,55,2017-09-25 05:59:59,2017-09-21 06:00:00,8,2017-09-23 02:59:51,2017-09-25 06:20:44,1,1
53,56,2017-09-25 05:59:59,2017-09-21 06:00:00,6,2017-09-23 02:59:58,2017-09-25 06:20:44,1,1
54,57,2017-09-25 05:59:59,2017-09-21 06:00:00,7,2017-09-23 02:59:58,2017-09-25 06:20:44,1,1
55,58,2017-09-25 05:59:59,2017-09-21 06:00:00,9,2017-09-23 02:59:58,2017-09-25 06:20:45,1,1
56,59,2017-10-02 14:59:59,2017-09-28 15:00:00,6,2017-09-29 00:20:59,2017-10-02 15:21:14,1,1
57,60,2017-10-02 14:59:59,2017-09-28 15:00:00,7,2017-09-29 00:20:59,2017-10-02 15:21:15,1,1
58,61,2017-10-02 14:59:59,2017-09-28 15:00:00,8,2017-09-29 00:20:59,2017-10-02 15:21:15,1,1
59,62,2017-10-02 14:59:59,2017-09-28 15:00:00,9,2017-09-29 00:20:59,2017-10-02 15:21:17,1,1
60,63,2017-10-09 14:59:59,2017-10-05 15:00:00,6,2017-10-06 00:20:52,2017-10-09 15:20:55,1,1
61,64,2017-10-09 14:59:59,2017-10-05 15:00:00,7,2017-10-06 00:20:52,2017-10-09 15:20:56,1,1
62,65,2017-10-09 14:59:59,2017-10-05 15:00:00,8,2017-10-06 00:20:52,2017-10-09 15:20:57,1,1
63,66,2017-10-09 14:59:59,2017-10-05 15:00:00,9,2017-10-06 00:20:53,2017-10-09 15:21:00,1,1
64,67,2017-10-16 14:59:59,2017-10-12 15:00:00,6,2017-10-13 00:20:45,2017-10-16 15:20:51,1,1
65,68,2017-10-16 14:59:59,2017-10-12 15:00:00,7,2017-10-13 00:20:45,2017-10-16 15:20:52,1,1
66,69,2017-10-16 14:59:59,2017-10-12 15:00:00,8,2017-10-13 00:20:45,2017-10-16 15:20:53,1,1
67,70,2017-10-16 14:59:59,2017-10-12 15:00:00,9,2017-10-13 00:20:45,2017-10-16 15:20:56,1,1
68,71,2017-10-23 14:59:59,2017-10-19 15:00:00,6,2017-10-20 00:20:31,2017-10-23 15:21:09,1,1
69,72,2017-10-23 14:59:59,2017-10-19 15:00:00,7,2017-10-20 00:20:31,2017-10-23 15:21:09,1,1
70,73,2017-10-23 14:59:59,2017-10-19 15:00:00,8,2017-10-20 00:20:31,2017-10-23 15:21:10,1,1
71,74,2017-10-23 14:59:59,2017-10-19 15:00:00,9,2017-10-20 00:20:31,2017-10-23 15:21:11,1,1
72,75,2017-10-30 14:59:59,2017-10-26 15:00:00,6,2017-10-27 00:21:13,2017-10-30 15:21:52,1,1
73,76,2017-10-30 14:59:59,2017-10-26 15:00:00,7,2017-10-27 00:21:13,2017-10-30 15:21:53,1,1
74,77,2017-10-30 14:59:59,2017-10-26 15:00:00,8,2017-10-27 00:21:13,2017-10-30 15:21:54,1,1
75,78,2017-10-30 14:59:59,2017-10-26 15:00:00,9,2017-10-27 00:21:13,2017-10-30 15:21:56,1,1
76,79,2017-11-06 14:59:59,2017-11-02 15:00:00,6,2017-11-03 00:21:56,2017-11-06 15:21:26,1,1
77,80,2017-11-06 14:59:59,2017-11-02 15:00:00,7,2017-11-03 00:21:56,2017-11-06 15:21:27,1,1
78,81,2017-11-06 14:59:59,2017-11-02 15:00:00,8,2017-11-03 00:21:56,2017-11-06 15:21:27,1,1
79,82,2017-11-06 14:59:59,2017-11-02 15:00:00,9,2017-11-03 00:21:56,2017-11-06 15:21:28,1,1
80,83,2017-11-13 14:59:59,2017-11-09 15:00:00,6,2017-11-10 00:21:15,2017-11-13 15:21:05,1,1
81,84,2017-11-13 14:59:59,2017-11-09 15:00:00,7,2017-11-10 00:21:15,2017-11-13 15:21:06,1,1
82,85,2017-11-13 14:59:59,2017-11-09 15:00:00,8,2017-11-10 00:21:15,2017-11-13 15:21:06,1,1
83,86,2017-11-13 14:59:59,2017-11-09 15:00:00,9,2017-11-10 00:21:15,2017-11-13 15:21:08,1,1
84,87,2017-11-20 14:59:59,2017-11-16 15:00:00,6,2017-11-17 00:21:00,2017-11-20 15:21:22,1,1
85,88,2017-11-20 14:59:59,2017-11-16 15:00:00,7,2017-11-17 00:21:00,2017-11-20 15:21:22,1,1
86,89,2017-11-20 14:59:59,2017-11-16 15:00:00,8,2017-11-17 00:21:00,2017-11-20 15:21:23,1,1
87,90,2017-11-20 14:59:59,2017-11-16 15:00:00,9,2017-11-17 00:21:00,2017-11-20 15:21:26,1,1
88,91,2017-11-20 05:59:59,2017-11-16 06:00:00,6,2017-11-18 06:02:47,2017-11-20 07:21:15,1,1
89,92,2017-11-20 05:59:59,2017-11-16 06:00:00,7,2017-11-18 06:02:56,2017-11-20 07:21:15,1,1
90,93,2017-11-20 05:59:59,2017-11-16 06:00:00,8,2017-11-18 06:02:56,2017-11-20 07:21:15,1,1
91,94,2017-11-20 05:59:59,2017-11-16 06:00:00,9,2017-11-18 06:02:56,2017-11-20 07:21:16,1,1
92,95,2017-11-27 14:59:59,2017-11-23 15:00:00,6,2017-11-24 00:21:34,2017-11-27 15:21:11,1,1
93,96,2017-11-27 14:59:59,2017-11-23 15:00:00,7,2017-11-24 00:21:34,2017-11-27 15:21:12,1,1
94,97,2017-11-27 14:59:59,2017-11-23 15:00:00,8,2017-11-24 00:21:34,2017-11-27 15:21:12,1,1
95,98,2017-11-27 14:59:59,2017-11-23 15:00:00,9,2017-11-24 00:21:34,2017-11-27 15:21:13,1,1
96,99,2017-12-04 14:59:59,2017-11-30 15:00:00,6,2017-12-01 00:20:58,2017-12-04 15:21:00,1,1
97,100,2017-12-04 14:59:59,2017-11-30 15:00:00,7,2017-12-01 00:20:58,2017-12-04 15:21:01,1,1
98,101,2017-12-04 14:59:59,2017-11-30 15:00:00,8,2017-12-01 00:20:58,2017-12-04 15:21:01,1,1
99,102,2017-12-04 14:59:59,2017-11-30 15:00:00,9,2017-12-01 00:20:59,2017-12-04 15:21:02,1,1
100,103,2017-12-11 14:59:59,2017-12-07 15:00:00,6,2017-12-08 00:20:34,2017-12-11 15:20:48,1,1
101,104,2017-12-11 14:59:59,2017-12-07 15:00:00,8,2017-12-08 00:20:34,2017-12-11 15:20:48,1,1
102,105,2017-12-11 14:59:59,2017-12-07 15:00:00,9,2017-12-08 00:20:34,2017-12-11 15:20:50,1,1
103,106,2017-12-18 14:59:59,2017-12-14 15:00:00,6,2017-12-15 00:20:47,2017-12-18 15:21:20,1,1
104,107,2018-03-26 14:59:00,2018-03-22 15:00:00,10,2018-03-23 00:21:46,2018-03-26 15:21:00,1,1
105,108,2018-03-26 14:59:00,2018-03-22 15:00:00,11,2018-03-23 00:21:46,2018-03-26 15:21:00,1,1
106,109,2018-03-27 14:59:00,2018-03-23 15:00:00,10,2018-03-23 15:21:37,2018-03-27 15:20:28,1,1
107,110,2018-03-27 14:59:00,2018-03-23 15:00:00,11,2018-03-23 15:21:37,2018-03-27 15:20:28,1,1
108,111,2018-04-02 14:59:00,2018-03-29 15:00:00,10,2018-03-30 00:20:54,2018-04-02 15:20:59,1,1
109,112,2018-04-02 14:59:00,2018-03-29 15:00:00,11,2018-03-30 00:20:54,2018-04-02 15:21:00,1,1
110,113,2018-04-03 14:59:00,2018-03-30 15:00:00,10,2018-03-30 15:20:30,2018-04-03 15:21:09,1,1
111,114,2018-04-03 14:59:00,2018-03-30 15:00:00,11,2018-03-30 15:20:30,2018-04-03 15:21:09,1,1
112,115,2018-04-09 14:59:00,2018-04-05 15:00:00,10,2018-04-06 00:20:47,2018-04-09 15:20:51,1,1
113,116,2018-04-09 14:59:00,2018-04-05 15:00:00,11,2018-04-06 00:20:47,2018-04-09 15:20:51,1,1
114,117,2018-04-10 14:59:00,2018-04-06 15:00:00,10,2018-04-06 15:20:26,2018-04-10 15:21:35,1,1
115,118,2018-04-10 14:59:00,2018-04-06 15:00:00,11,2018-04-06 15:20:26,2018-04-10 15:21:35,1,1
116,119,2018-04-16 14:59:00,2018-04-12 15:00:00,10,2018-04-13 00:21:12,2018-04-16 15:20:59,1,1
117,120,2018-04-16 14:59:00,2018-04-12 15:00:00,11,2018-04-13 00:21:12,2018-04-16 15:20:59,1,1
118,121,2018-04-17 14:59:00,2018-04-13 15:00:00,10,2018-04-13 15:20:31,2018-04-17 15:21:04,1,1
119,122,2018-04-17 14:59:00,2018-04-13 15:00:00,11,2018-04-13 15:20:31,2018-04-17 15:21:04,1,1
120,123,2018-04-23 14:59:00,2018-04-19 15:00:00,10,2018-04-19 15:21:26,2018-04-23 15:21:20,1,1
121,124,2018-04-23 14:59:00,2018-04-19 15:00:00,11,2018-04-19 15:21:26,2018-04-23 15:21:21,1,1
122,125,2018-04-30 14:59:00,2018-04-26 15:00:00,10,2018-04-26 15:20:30,2018-04-30 15:21:29,1,1
123,126,2018-04-30 14:59:00,2018-04-26 15:00:00,11,2018-04-26 15:20:30,2018-04-30 15:21:29,1,1
124,127,2018-05-07 14:59:00,2018-05-03 15:00:00,10,2018-05-03 15:20:46,2018-05-07 15:20:56,1,1
125,128,2018-05-07 14:59:00,2018-05-03 15:00:00,11,2018-05-03 15:20:46,2018-05-07 15:20:56,1,1
126,129,2018-05-14 14:59:00,2018-05-10 15:00:00,10,2018-05-10 15:21:27,2018-05-14 15:21:00,1,1
127,130,2018-05-14 14:59:00,2018-05-10 15:00:00,11,2018-05-10 15:21:27,2018-05-14 15:21:00,1,1
128,131,2018-05-21 14:59:00,2018-05-17 15:00:00,10,2018-05-17 15:21:19,2018-05-21 15:20:25,1,1
129,132,2018-05-21 14:59:00,2018-05-17 15:00:00,11,2018-05-17 15:21:19,2018-05-21 15:20:25,1,1
130,133,2018-05-28 14:59:00,2018-05-24 15:00:00,10,2018-05-24 15:20:40,2018-05-28 15:20:28,1,1
131,134,2018-05-28 14:59:00,2018-05-24 15:00:00,11,2018-05-24 15:20:40,2018-05-28 15:20:28,1,1
132,135,2018-06-04 14:59:00,2018-05-31 15:00:00,10,2018-05-31 15:21:15,2018-06-04 15:21:34,1,1
133,136,2018-06-04 14:59:00,2018-05-31 15:00:00,11,2018-05-31 15:21:15,2018-06-04 15:21:34,1,1
134,137,2018-06-11 14:59:00,2018-06-07 15:00:00,10,2018-06-07 15:21:29,2018-06-11 15:20:52,1,1
135,138,2018-06-11 14:59:00,2018-06-07 15:00:00,11,2018-06-07 15:21:29,2018-06-11 15:20:52,1,1
136,139,2018-06-18 14:59:00,2018-06-14 15:00:00,10,2018-06-14 15:21:14,2018-06-18 15:20:55,1,1
137,140,2018-06-18 14:59:00,2018-06-14 15:00:00,11,2018-06-14 15:21:14,2018-06-18 15:20:56,1,1
138,141,2018-07-24 06:59:00,2018-07-20 07:00:00,12,2018-07-21 02:32:46,2018-07-25 14:21:27,1,1
139,142,2018-07-31 06:59:00,2018-07-27 07:00:00,12,2018-07-27 07:21:38,2018-07-31 07:20:54,1,1
140,143,2018-08-06 06:59:00,2018-08-01 07:00:00,12,2018-08-01 07:21:42,2018-08-06 07:21:22,1,1
141,144,2018-08-10 06:59:00,2018-08-07 07:00:00,13,2018-08-07 07:20:33,2018-08-10 07:20:37,1,1
142,145,2018-08-17 06:59:00,2018-08-14 07:00:00,13,2018-08-14 07:21:05,2018-08-17 07:20:51,1,1
143,146,2018-08-24 06:59:00,2018-08-21 07:00:00,13,2018-08-21 07:21:23,2018-08-24 07:21:02,1,1
144,147,2018-08-31 06:59:00,2018-08-28 07:00:00,13,2018-08-28 07:21:12,2018-08-31 07:21:13,1,1
145,149,2018-09-13 03:59:00,2018-09-09 04:00:00,17,2018-09-11 13:30:43,2018-09-13 04:21:27,1,1
146,150,2018-09-13 03:59:00,2018-09-09 04:00:00,18,2018-09-11 14:29:22,2018-09-13 04:21:27,1,1
147,151,2018-09-15 03:59:00,2018-09-12 04:00:00,17,2018-09-13 21:51:08,2018-09-15 04:21:01,1,1
148,152,2018-09-17 14:59:00,2018-09-13 15:00:00,14,2018-09-14 02:56:45,2018-09-17 15:21:01,1,1
149,153,2018-09-17 14:59:00,2018-09-13 15:00:00,19,2018-09-14 03:06:10,2018-09-17 15:21:02,1,1
150,154,2018-09-20 03:59:00,2018-09-16 04:00:00,18,2018-09-16 04:21:35,2018-09-20 04:20:52,1,1
151,155,2018-09-22 03:59:00,2018-09-19 04:00:00,17,2018-09-19 04:20:46,2018-09-22 04:21:16,1,1
152,156,2018-09-24 14:59:00,2018-09-20 15:00:00,14,2018-09-20 15:20:48,2018-09-24 15:20:53,1,1
153,157,2018-09-24 14:59:00,2018-09-20 15:00:00,19,2018-09-20 15:20:48,2018-09-24 15:20:53,1,1
154,158,2018-09-27 03:59:00,2018-09-23 04:00:00,18,2018-09-23 04:20:29,2018-09-27 04:20:37,1,1
155,159,2018-10-01 14:59:00,2018-09-27 15:00:00,14,2018-09-27 15:21:25,2018-10-01 15:21:21,1,1
156,160,2018-10-01 14:59:00,2018-09-27 15:00:00,19,2018-09-27 15:21:25,2018-10-01 15:21:21,1,1
157,161,2018-10-04 03:59:00,2018-09-30 04:00:00,18,2018-09-30 04:20:59,2018-10-04 04:21:12,1,1
158,162,2018-10-08 14:59:00,2018-10-04 15:00:00,14,2018-10-04 15:21:01,2018-10-08 15:20:37,1,1
159,163,2018-10-08 14:59:00,2018-10-04 15:00:00,19,2018-10-04 15:21:01,2018-10-08 15:20:37,1,1
160,164,2018-10-11 03:59:00,2018-10-07 04:00:00,18,2018-10-07 04:20:34,2018-10-11 04:21:40,1,1
161,165,2018-10-15 14:59:00,2018-10-11 15:00:00,14,2018-10-11 15:21:32,2018-10-15 15:21:09,1,1
162,166,2018-10-15 14:59:00,2018-10-11 15:00:00,19,2018-10-11 15:21:32,2018-10-15 15:21:09,1,1
163,167,2018-10-18 03:59:00,2018-10-14 04:00:00,18,2018-10-14 04:21:08,2018-10-18 04:20:31,1,1
164,168,2018-10-22 14:59:00,2018-10-18 15:00:00,14,2018-10-18 15:21:08,2018-10-22 15:21:16,1,1
165,169,2018-10-22 14:59:00,2018-10-18 15:00:00,19,2018-10-18 15:21:08,2018-10-22 15:21:17,1,1
166,170,2018-10-25 03:59:00,2018-10-21 04:00:00,18,2018-10-21 04:21:00,2018-10-25 04:21:06,1,1
167,171,2018-10-24 14:59:00,2018-10-20 15:00:00,19,2018-10-23 00:46:29,2018-10-24 02:08:01,0,0
168,172,2018-10-29 14:59:00,2018-10-25 15:00:00,14,2018-10-25 15:21:53,2018-10-29 15:21:10,1,1
169,173,2018-10-30 14:59:00,2018-10-27 15:00:00,19,2018-10-27 15:21:07,2018-10-30 15:21:06,1,1
170,174,2018-11-01 03:59:00,2018-10-28 04:00:00,18,2018-10-28 04:20:48,2018-11-01 04:20:41,1,1
171,175,2018-11-05 14:59:00,2018-11-01 15:00:00,14,2018-11-01 15:20:50,2018-11-05 15:21:03,1,1
172,176,2018-11-06 14:59:00,2018-11-03 15:00:00,19,2018-11-03 15:21:10,2018-11-06 15:21:14,1,1
173,177,2018-11-07 04:59:00,2018-11-04 04:00:00,18,2018-11-04 04:20:34,2018-11-07 05:21:01,1,1
174,178,2018-11-12 14:59:00,2018-11-08 15:00:00,14,2018-11-08 15:21:36,2018-11-12 15:21:18,1,1
175,179,2018-11-13 14:59:00,2018-11-10 15:00:00,19,2018-11-10 15:21:21,2018-11-13 15:21:34,1,1
176,180,2018-11-15 04:59:00,2018-11-11 05:00:00,18,2018-11-11 05:20:48,2018-11-15 05:21:18,1,1
177,181,2018-11-19 14:59:00,2018-11-15 15:00:00,14,2018-11-15 15:21:14,2018-11-19 15:21:56,1,1
178,182,2018-11-20 14:59:00,2018-11-17 15:00:00,19,2018-11-17 15:20:34,2018-11-20 15:21:17,1,1
179,183,2018-11-22 04:59:00,2018-11-18 05:00:00,18,2018-11-18 05:21:20,2018-11-22 05:20:39,1,1
180,184,2018-11-26 14:59:00,2018-11-22 15:00:00,14,2018-11-22 15:21:17,2018-11-26 15:21:14,1,1
181,185,2018-11-27 14:59:00,2018-11-24 15:00:00,19,2018-11-24 15:21:22,2018-11-27 15:21:46,1,1
182,186,2018-11-29 04:59:00,2018-11-25 05:00:00,18,2018-11-25 05:21:13,2018-11-29 05:21:08,1,1
183,187,2018-12-03 14:59:00,2018-11-29 15:00:00,14,2018-11-29 15:20:28,2018-12-03 15:21:46,1,1
184,188,2018-12-04 14:59:00,2018-12-01 15:00:00,19,2018-12-01 15:20:51,2018-12-04 15:21:18,1,1
185,189,2018-12-06 04:59:00,2018-12-02 05:00:00,18,2018-12-02 05:20:46,2018-12-06 05:21:16,1,1
186,190,2018-12-10 14:59:00,2018-12-06 15:00:00,14,2018-12-06 15:21:06,2018-12-10 15:21:17,1,1
187,191,2018-12-11 14:59:00,2018-12-08 15:00:00,19,2018-12-08 15:21:25,2018-12-11 15:21:33,1,1
188,192,2018-12-13 04:59:00,2018-12-09 05:00:00,18,2018-12-09 05:20:30,2018-12-13 05:20:36,1,1
189,193,2018-12-17 14:59:00,2018-12-13 15:00:00,14,2018-12-13 15:21:32,2018-12-17 15:20:40,1,1
190,194,2019-03-18 14:59:00,2019-03-14 15:00:00,21,2019-03-17 15:20:52,2019-03-18 15:20:40,1,1
191,195,2019-03-25 14:59:00,2019-03-21 15:00:00,21,2019-03-21 15:20:46,2019-03-25 15:20:32,1,1
192,196,2019-03-25 14:59:00,2019-03-21 15:00:00,22,2019-03-25 00:21:47,2019-03-25 00:21:47,0,0
193,197,2019-04-01 14:59:00,2019-03-28 15:00:00,21,2019-03-28 15:21:06,2019-04-01 15:21:27,1,1
194,198,2019-04-01 14:59:00,2019-03-28 15:00:00,22,2019-03-28 15:21:06,2019-04-01 15:21:27,1,1
195,199,2019-04-08 14:59:00,2019-04-04 15:00:00,21,2019-04-04 15:20:56,2019-04-08 15:21:07,1,1
196,200,2019-04-08 14:59:00,2019-04-04 15:00:00,22,2019-04-04 15:20:56,2019-04-08 15:21:07,1,1
197,201,2019-04-15 14:59:00,2019-04-11 15:00:00,21,2019-04-11 15:21:21,2019-04-15 15:21:40,1,1
198,202,2019-04-15 14:59:00,2019-04-11 15:00:00,22,2019-04-11 15:21:21,2019-04-15 15:21:40,1,1
199,203,2019-04-22 14:59:00,2019-04-18 15:00:00,21,2019-04-18 15:21:14,2019-04-22 15:20:28,1,1
200,204,2019-04-22 14:59:00,2019-04-18 15:00:00,22,2019-04-18 15:21:14,2019-04-22 15:20:29,1,1
201,205,2019-04-29 14:59:00,2019-04-25 15:00:00,21,2019-04-25 15:20:33,2019-04-29 15:21:07,1,1
202,206,2019-04-29 14:59:00,2019-04-25 15:00:00,22,2019-04-25 15:20:33,2019-04-29 15:21:07,1,1
203,207,2019-05-06 14:59:00,2019-05-02 15:00:00,21,2019-05-02 15:20:56,2019-05-06 15:21:28,1,1
204,208,2019-05-06 14:59:00,2019-05-02 15:00:00,22,2019-05-02 15:20:56,2019-05-06 15:21:28,1,1
205,209,2019-05-13 14:59:00,2019-05-09 15:00:00,21,2019-05-09 15:20:46,2019-05-13 15:20:45,1,1
206,210,2019-05-13 14:59:00,2019-05-09 15:00:00,22,2019-05-09 15:20:46,2019-05-13 15:20:45,1,1
207,211,2019-05-20 14:59:00,2019-05-16 15:00:00,21,2019-05-16 15:20:49,2019-05-20 15:20:46,1,1
208,212,2019-05-20 14:59:00,2019-05-16 15:00:00,22,2019-05-16 15:20:50,2019-05-20 15:20:47,1,1
209,213,2019-05-27 14:59:00,2019-05-23 15:00:00,21,2019-05-23 15:20:54,2019-05-27 15:21:18,1,1
210,214,2019-05-27 14:59:00,2019-05-23 15:00:00,22,2019-05-23 15:20:54,2019-05-27 15:21:18,1,1
211,215,2019-06-03 14:59:00,2019-05-30 15:00:00,21,2019-05-30 15:21:04,2019-06-03 15:21:18,1,1
212,216,2019-06-03 14:59:00,2019-05-30 15:00:00,22,2019-05-30 15:21:04,2019-06-03 15:21:18,1,1
213,217,2019-06-10 14:59:00,2019-06-06 15:00:00,21,2019-06-06 15:21:12,2019-06-10 15:20:57,1,1
214,218,2019-06-10 14:59:00,2019-06-06 15:00:00,22,2019-06-06 15:21:12,2019-06-10 15:20:57,1,1
215,219,2019-06-17 14:59:00,2019-06-13 15:00:00,21,2019-06-13 15:21:21,2019-06-17 15:20:26,1,1
216,220,2019-06-17 14:59:00,2019-06-13 15:00:00,22,2019-06-13 15:21:21,2019-06-17 15:20:26,1,1
217,221,2019-08-27 03:59:00,2019-08-23 04:00:00,23,2019-08-24 19:50:55,2019-08-24 19:50:55,0,0
218,222,2019-08-27 03:59:00,2019-08-23 04:00:00,24,2019-08-24 20:35:56,2019-08-24 20:35:56,0,0
219,223,2019-09-10 03:59:00,2019-09-06 04:00:00,23,2019-09-08 04:21:20,2019-09-10 04:21:00,1,1
220,224,2019-09-10 03:59:00,2019-09-06 04:00:00,24,2019-09-09 04:21:21,2019-09-15 01:21:13,1,1
221,225,2019-09-17 03:59:00,2019-09-13 04:00:00,23,2019-09-13 04:20:40,2019-09-25 03:20:46,1,1
222,226,2019-09-17 03:59:00,2019-09-13 04:00:00,26,2019-09-13 04:20:40,2019-09-17 04:21:02,1,1
223,227,2019-09-17 03:59:00,2019-09-13 04:00:00,25,2019-09-15 00:55:13,2019-09-15 00:55:13,0,0
224,228,2019-09-17 03:59:00,2019-09-13 04:00:00,24,2019-09-15 01:13:38,2019-09-15 01:13:38,0,0
225,229,2019-09-24 03:59:00,2019-09-20 04:00:00,26,2019-09-20 04:21:08,2019-09-24 04:21:09,1,1
226,230,2019-09-24 03:59:00,2019-09-20 04:00:00,25,2019-09-20 15:00:46,2019-09-24 04:21:09,1,1
227,231,2019-10-01 03:59:00,2019-09-27 04:00:00,23,2019-09-27 04:20:30,2019-10-01 04:21:32,1,1
228,232,2019-10-01 03:59:00,2019-09-27 04:00:00,24,2019-09-27 04:20:30,2019-10-01 04:21:32,1,1
229,233,2019-10-01 03:59:00,2019-09-27 04:00:00,25,2019-09-27 04:20:30,2019-10-01 04:21:32,1,1
230,234,2019-10-01 03:59:00,2019-09-27 04:00:00,26,2019-09-27 04:20:30,2019-10-01 04:21:32,1,1
231,235,2019-10-08 03:59:00,2019-10-04 04:00:00,23,2019-10-04 05:20:54,2019-10-08 04:21:26,1,1
232,236,2019-10-08 03:59:00,2019-10-04 04:00:00,24,2019-10-04 05:20:54,2019-10-08 04:21:26,1,1
233,237,2019-10-08 03:59:00,2019-10-04 04:00:00,25,2019-10-04 05:20:54,2019-10-08 04:21:27,1,1
234,238,2019-10-08 03:59:00,2019-10-04 04:00:00,26,2019-10-04 05:20:54,2019-10-08 04:21:28,1,1
235,239,2019-10-15 03:59:00,2019-10-11 04:00:00,23,2019-10-11 04:21:21,2019-10-15 04:21:24,1,1
236,240,2019-10-15 03:59:00,2019-10-11 04:00:00,24,2019-10-11 04:21:21,2019-10-15 04:21:24,1,1
237,241,2019-10-15 03:59:00,2019-10-11 04:00:00,25,2019-10-11 04:21:21,2019-10-15 04:21:24,1,1
238,242,2019-10-15 03:59:00,2019-10-11 04:00:00,26,2019-10-11 04:21:21,2019-10-15 04:21:24,1,1
239,243,2019-10-22 03:59:00,2019-10-18 04:00:00,23,2019-10-18 04:21:09,2019-10-22 04:20:32,1,1
240,244,2019-10-22 03:59:00,2019-10-18 04:00:00,24,2019-10-18 04:21:09,2019-10-22 04:20:32,1,1
241,245,2019-10-22 03:59:00,2019-10-18 04:00:00,25,2019-10-18 04:21:09,2019-10-22 04:20:32,1,1
242,246,2019-10-22 03:59:00,2019-10-18 04:00:00,26,2019-10-18 04:21:09,2019-10-22 04:20:32,1,1
243,247,2019-10-29 03:59:00,2019-10-25 04:00:00,23,2019-10-25 04:20:59,2019-10-29 04:20:45,1,1
244,248,2019-10-29 03:59:00,2019-10-25 04:00:00,24,2019-10-25 04:20:59,2019-10-29 04:20:45,1,1
245,249,2019-10-29 03:59:00,2019-10-25 04:00:00,25,2019-10-25 04:20:59,2019-10-29 04:20:46,1,1
246,250,2019-10-29 03:59:00,2019-10-25 04:00:00,26,2019-10-25 04:20:59,2019-10-29 04:20:46,1,1
247,251,2019-11-04 04:59:00,2019-11-01 04:00:00,23,2019-11-01 04:20:44,2019-11-04 05:21:20,1,1
248,252,2019-11-04 04:59:00,2019-11-01 04:00:00,24,2019-11-01 04:20:44,2019-11-04 05:21:20,1,1
249,253,2019-11-04 04:59:00,2019-11-01 04:00:00,25,2019-11-01 04:20:44,2019-11-04 05:21:20,1,1
250,254,2019-11-04 04:59:00,2019-11-01 04:00:00,26,2019-11-01 04:20:44,2019-11-04 05:21:20,1,1
251,255,2019-11-12 04:59:00,2019-11-08 05:00:00,23,2019-11-08 05:21:21,2019-11-12 05:20:37,1,1
252,256,2019-11-12 04:59:00,2019-11-08 05:00:00,24,2019-11-08 05:21:21,2019-11-12 05:20:37,1,1
253,257,2019-11-12 04:59:00,2019-11-08 05:00:00,25,2019-11-08 05:21:21,2019-11-12 05:20:37,1,1
254,258,2019-11-12 04:59:00,2019-11-08 05:00:00,26,2019-11-08 05:21:21,2019-11-12 05:20:37,1,1
255,259,2019-11-19 04:59:00,2019-11-15 05:00:00,23,2019-11-15 05:21:26,2019-11-19 05:20:46,1,1
256,260,2019-11-19 04:59:00,2019-11-15 05:00:00,24,2019-11-15 05:21:26,2019-11-19 05:20:47,1,1
257,261,2019-11-19 04:59:00,2019-11-15 05:00:00,25,2019-11-15 05:21:26,2019-11-19 05:20:47,1,1
258,262,2019-11-19 04:59:00,2019-11-15 05:00:00,26,2019-11-15 05:21:26,2019-11-19 05:20:47,1,1
259,263,2019-11-26 04:59:00,2019-11-22 05:00:00,23,2019-11-22 05:20:36,2019-11-26 05:21:07,1,1
260,264,2019-11-26 04:59:00,2019-11-22 05:00:00,24,2019-11-22 05:20:36,2019-11-26 05:21:08,1,1
261,265,2019-11-26 04:59:00,2019-11-22 05:00:00,25,2019-11-22 05:20:36,2019-11-26 05:21:08,1,1
262,266,2019-11-26 04:59:00,2019-11-22 05:00:00,26,2019-11-22 05:20:36,2019-11-26 05:21:08,1,1
263,267,2019-12-03 04:59:00,2019-11-29 05:00:00,23,2019-11-29 05:21:00,2019-12-03 05:21:02,1,1
264,268,2019-12-03 04:59:00,2019-11-29 05:00:00,24,2019-11-29 05:21:00,2019-12-03 05:21:02,1,1
265,269,2019-12-03 04:59:00,2019-11-29 05:00:00,25,2019-11-29 05:21:00,2019-12-03 05:21:02,1,1
266,270,2019-12-03 04:59:00,2019-11-29 05:00:00,26,2019-11-29 05:21:00,2019-12-03 05:21:02,1,1
267,271,2019-12-10 04:59:00,2019-12-06 05:00:00,23,2019-12-06 05:20:29,2019-12-10 05:20:40,1,1
268,272,2019-12-10 04:59:00,2019-12-06 05:00:00,24,2019-12-06 05:20:29,2019-12-09 02:16:43,0,0
269,273,2019-12-10 04:59:00,2019-12-06 05:00:00,25,2019-12-06 05:20:29,2019-12-09 02:20:48,0,0
270,274,2019-12-10 04:59:00,2019-12-06 05:00:00,26,2019-12-06 05:20:29,2019-12-09 02:23:03,0,0
271,275,2020-02-11 04:59:00,2020-02-07 05:00:00,28,2020-02-07 05:20:44,2020-02-11 05:20:35,1,1
272,276,2020-02-18 04:59:00,2020-02-14 05:00:00,28,2020-02-14 05:20:32,2020-02-18 05:20:56,1,1
273,277,2020-02-25 04:59:00,2020-02-21 05:00:00,28,2020-02-21 05:20:59,2020-02-25 05:21:24,1,1
274,278,2020-03-03 04:59:00,2020-02-28 05:00:00,28,2020-02-28 05:20:41,2020-03-03 05:20:47,1,1
275,279,2020-03-10 03:59:00,2020-03-06 05:00:00,28,2020-03-06 05:20:29,2020-03-10 04:21:11,1,1
276,280,2020-03-17 03:59:00,2020-03-13 04:00:00,28,2020-03-13 04:20:40,2020-03-17 04:20:35,1,1
277,281,2020-03-24 03:59:00,2020-03-20 04:00:00,28,2020-03-20 04:21:26,2020-03-24 04:20:34,1,1
278,282,2020-03-31 03:59:00,2020-03-27 04:00:00,28,2020-03-27 04:20:41,2020-03-31 04:21:11,1,1
279,283,2020-04-07 03:59:00,2020-04-03 04:00:00,28,2020-04-03 04:20:38,2020-04-07 04:21:07,1,1
280,284,2020-04-14 03:59:00,2020-04-10 04:00:00,28,2020-04-10 04:21:06,2020-04-14 04:21:29,1,1
281,285,2020-04-21 03:59:00,2020-04-17 04:00:00,28,2020-04-17 04:21:19,2020-04-21 04:21:28,1,1
282,286,2020-04-28 03:59:00,2020-04-24 04:00:00,28,2020-04-24 04:21:16,2020-04-28 04:20:44,1,1
283,287,2020-05-05 03:59:00,2020-05-01 04:00:00,28,2020-05-01 04:20:49,2020-05-05 04:20:46,1,1
284,288,2020-09-08 03:59:00,2020-09-04 04:00:00,31,2020-09-04 04:21:29,2020-09-08 04:21:21,1,1
285,289,2020-09-15 03:59:00,2020-09-11 04:00:00,29,2020-09-11 04:20:55,2020-09-15 04:20:55,1,1
286,290,2020-09-15 03:59:00,2020-09-11 04:00:00,31,2020-09-11 04:20:55,2020-09-15 04:20:55,1,1
287,291,2020-09-15 03:59:00,2020-09-11 04:00:00,30,2020-09-11 15:30:17,2020-09-15 04:20:56,1,1
288,292,2020-09-22 03:59:00,2020-09-18 04:00:00,29,2020-09-18 04:21:20,2020-09-22 04:21:00,1,1
289,293,2020-09-22 03:59:00,2020-09-18 04:00:00,30,2020-09-18 04:21:21,2020-09-22 04:21:01,1,1
290,294,2020-09-22 03:59:00,2020-09-18 04:00:00,31,2020-09-18 04:21:21,2020-09-22 04:21:01,1,1
291,295,2020-09-29 03:59:00,2020-09-25 04:00:00,29,2020-09-25 04:20:56,2020-09-29 04:20:45,1,1
292,296,2020-09-29 03:59:00,2020-09-25 04:00:00,30,2020-09-25 04:20:56,2020-09-29 04:20:46,1,1
293,297,2020-09-29 03:59:00,2020-09-25 04:00:00,31,2020-09-25 04:20:57,2020-09-29 04:20:46,1,1
294,298,2020-10-06 03:59:00,2020-10-02 04:00:00,29,2020-10-02 04:21:04,2020-10-06 04:21:36,1,1
295,299,2020-10-06 03:59:00,2020-10-02 04:00:00,30,2020-10-02 04:21:04,2020-10-06 04:21:36,1,1
296,300,2020-10-06 03:59:00,2020-10-02 04:00:00,31,2020-10-02 04:21:04,2020-10-06 04:21:36,1,1
297,301,2020-10-13 03:59:00,2020-10-09 04:00:00,29,2020-10-09 04:21:40,2020-10-13 04:21:23,1,1
298,302,2020-10-13 03:59:00,2020-10-09 04:00:00,30,2020-10-09 04:21:40,2020-10-13 04:21:23,1,1
299,303,2020-10-13 03:59:00,2020-10-09 04:00:00,31,2020-10-09 04:21:40,2020-10-13 04:21:23,1,1
300,304,2020-10-20 03:59:00,2020-10-16 04:00:00,29,2020-10-16 04:20:55,2020-10-20 04:21:24,1,1
301,305,2020-10-20 03:59:00,2020-10-16 04:00:00,30,2020-10-16 04:20:55,2020-10-20 04:21:25,1,1
302,306,2020-10-20 03:59:00,2020-10-16 04:00:00,31,2020-10-16 04:20:55,2020-10-20 04:21:26,1,1
303,307,2020-10-27 03:59:00,2020-10-23 04:00:00,29,2020-10-23 04:20:46,2020-10-27 04:21:04,1,1
304,308,2020-10-27 03:59:00,2020-10-23 04:00:00,30,2020-10-23 04:20:46,2020-10-27 04:21:05,1,1
305,309,2020-10-27 03:59:00,2020-10-23 04:00:00,31,2020-10-23 04:20:46,2020-10-27 04:21:05,1,1
306,310,2020-11-02 04:59:00,2020-10-30 04:00:00,29,2020-10-30 04:20:41,2020-11-02 05:21:20,1,1
307,311,2020-11-02 04:59:00,2020-10-30 04:00:00,30,2020-10-30 04:20:41,2020-11-02 05:21:20,1,1
308,312,2020-11-02 04:59:00,2020-10-30 04:00:00,31,2020-10-30 04:20:41,2020-11-02 05:21:20,1,1
309,313,2020-11-10 04:59:00,2020-11-06 05:00:00,29,2020-11-06 05:20:43,2020-11-10 05:21:06,1,1
310,314,2020-11-10 04:59:00,2020-11-06 05:00:00,30,2020-11-06 05:20:43,2020-11-10 05:21:07,1,1
311,315,2020-11-10 04:59:00,2020-11-06 05:00:00,31,2020-11-06 05:20:43,2020-11-10 05:21:07,1,1
312,316,2020-11-17 04:59:00,2020-11-13 05:00:00,29,2020-11-13 05:21:05,2020-11-17 06:21:49,1,1
313,317,2020-11-17 04:59:00,2020-11-13 05:00:00,30,2020-11-13 05:21:05,2020-11-17 06:21:50,1,1
314,318,2020-11-17 04:59:00,2020-11-13 05:00:00,31,2020-11-13 05:21:05,2020-11-17 06:21:50,1,1
315,319,2020-11-24 04:59:00,2020-11-20 05:00:00,29,2020-11-20 05:21:18,2020-11-24 05:21:54,1,1
316,320,2020-11-24 04:59:00,2020-11-20 05:00:00,30,2020-11-20 05:21:18,2020-11-24 05:21:55,1,1
317,321,2020-11-24 04:59:00,2020-11-20 05:00:00,31,2020-11-20 05:21:18,2020-11-24 05:21:55,1,1
318,322,2020-12-01 04:59:00,2020-11-27 05:00:00,29,2020-11-27 05:21:36,2020-12-01 05:20:32,1,1
319,323,2020-12-01 04:59:00,2020-11-27 05:00:00,30,2020-11-27 05:21:36,2020-12-01 05:20:32,1,1
320,324,2020-12-01 04:59:00,2020-11-27 05:00:00,31,2020-11-27 05:21:36,2020-12-01 05:20:33,1,1
321,325,2020-12-08 04:59:00,2020-12-04 05:00:00,29,2020-12-04 05:20:55,2020-12-08 05:21:03,1,1
322,326,2020-12-08 04:59:00,2020-12-04 05:00:00,30,2020-12-04 05:20:55,2020-12-08 05:21:05,1,1
323,327,2020-12-08 04:59:00,2020-12-04 05:00:00,31,2020-12-04 05:20:55,2020-12-08 05:21:05,1,1
324,328,2021-02-23 04:59:00,2021-02-19 05:00:00,32,2021-02-19 05:21:16,2021-02-22 04:51:38,0,0
325,329,2021-02-23 04:59:00,2021-02-19 05:00:00,34,2021-02-19 05:21:16,2021-02-23 05:21:04,1,1
326,330,2021-02-23 04:59:00,2021-02-19 05:00:00,33,2021-02-22 04:41:17,2021-02-22 04:41:17,0,0
327,331,2021-03-02 04:59:00,2021-02-26 05:00:00,32,2021-02-26 05:20:37,2021-03-02 05:20:55,1,1
328,332,2021-03-02 04:59:00,2021-02-26 05:00:00,33,2021-02-26 05:20:37,2021-03-02 05:20:56,1,1
329,333,2021-03-02 04:59:00,2021-02-26 05:00:00,34,2021-02-26 05:20:37,2021-03-02 05:20:56,1,1
330,334,2021-03-09 04:59:00,2021-03-05 05:00:00,32,2021-03-05 05:20:34,2021-03-09 05:21:42,1,1
331,335,2021-03-09 04:59:00,2021-03-05 05:00:00,33,2021-03-05 05:20:34,2021-03-09 05:21:43,1,1
332,336,2021-03-09 04:59:00,2021-03-05 05:00:00,34,2021-03-05 05:20:34,2021-03-09 05:21:43,1,1
333,337,2021-03-16 03:59:00,2021-03-12 05:00:00,32,2021-03-12 05:20:57,2021-03-16 04:20:56,1,1
334,338,2021-03-16 03:59:00,2021-03-12 05:00:00,33,2021-03-12 05:20:58,2021-03-16 04:20:56,1,1
335,339,2021-03-16 03:59:00,2021-03-12 05:00:00,34,2021-03-12 05:20:58,2021-03-16 04:20:57,1,1
336,340,2021-03-23 03:59:00,2021-03-19 04:00:00,32,2021-03-19 04:20:30,2021-03-23 04:21:13,1,1
337,341,2021-03-23 03:59:00,2021-03-19 04:00:00,33,2021-03-19 04:20:30,2021-03-23 04:21:13,1,1
338,342,2021-03-23 03:59:00,2021-03-19 04:00:00,34,2021-03-19 04:20:30,2021-03-23 04:21:13,1,1
339,343,2021-03-30 03:59:00,2021-03-26 04:00:00,32,2021-03-26 04:21:00,2021-03-30 04:21:13,1,1
340,344,2021-03-30 03:59:00,2021-03-26 04:00:00,33,2021-03-26 04:21:01,2021-03-30 04:21:13,1,1
341,345,2021-03-30 03:59:00,2021-03-26 04:00:00,34,2021-03-26 04:21:01,2021-03-30 04:21:13,1,1
342,346,2021-04-06 03:59:00,2021-04-02 04:00:00,32,2021-04-02 04:21:08,2021-04-06 04:20:53,1,1
343,347,2021-04-06 03:59:00,2021-04-02 04:00:00,33,2021-04-02 04:21:08,2021-04-06 04:20:53,1,1
344,348,2021-04-06 03:59:00,2021-04-02 04:00:00,34,2021-04-02 04:21:08,2021-04-06 04:20:53,1,1
345,349,2021-04-13 03:59:00,2021-04-09 04:00:00,32,2021-04-09 04:20:54,2021-04-13 04:21:00,1,1
346,350,2021-04-13 03:59:00,2021-04-09 04:00:00,33,2021-04-09 04:20:54,2021-04-13 04:21:03,1,1
347,351,2021-04-13 03:59:00,2021-04-09 04:00:00,34,2021-04-09 04:20:55,2021-04-13 04:21:03,1,1
348,352,2021-04-20 03:59:00,2021-04-16 04:00:00,32,2021-04-16 04:21:33,2021-04-20 04:21:11,1,1
349,353,2021-04-20 03:59:00,2021-04-16 04:00:00,33,2021-04-16 04:21:33,2021-04-20 04:21:11,1,1
350,354,2021-04-20 03:59:00,2021-04-16 04:00:00,34,2021-04-16 04:21:33,2021-04-20 04:21:11,1,1
351,355,2021-04-27 03:59:00,2021-04-23 04:00:00,32,2021-04-23 04:20:33,2021-04-27 04:20:49,1,1
352,356,2021-04-27 03:59:00,2021-04-23 04:00:00,33,2021-04-23 04:20:33,2021-04-27 04:20:49,1,1
353,357,2021-04-27 03:59:00,2021-04-23 04:00:00,34,2021-04-23 04:20:33,2021-04-27 04:20:49,1,1
354,358,2021-05-04 03:59:00,2021-04-30 04:00:00,32,2021-04-30 04:20:45,2021-05-04 04:21:03,1,1
355,359,2021-05-04 03:59:00,2021-04-30 04:00:00,33,2021-04-30 04:20:46,2021-05-04 04:21:03,1,1
356,360,2021-05-04 03:59:00,2021-04-30 04:00:00,34,2021-04-30 04:20:47,2021-04-30 15:13:50,0,0
357,361,2021-05-11 03:59:00,2021-05-07 04:00:00,32,2021-05-07 04:21:58,2021-05-11 04:21:15,1,1
358,362,2021-05-11 03:59:00,2021-05-07 04:00:00,33,2021-05-07 04:21:58,2021-05-11 04:21:16,1,1
359,363,2021-08-31 03:59:00,2021-08-27 04:00:00,41,2021-08-30 23:12:47,2021-08-30 23:12:47,0,0
360,364,2021-09-21 03:59:00,2021-09-17 04:00:00,38,2021-09-17 04:23:49,2021-09-21 04:24:35,1,1
361,365,2021-09-21 03:59:00,2021-09-17 04:00:00,40,2021-09-17 04:23:49,2021-09-21 04:24:35,1,1
362,366,2021-09-21 03:59:00,2021-09-17 04:00:00,41,2021-09-19 01:56:07,2021-09-19 01:56:34,0,0
363,367,2021-09-28 03:59:00,2021-09-24 04:00:00,35,2021-09-24 04:22:54,2021-09-28 04:23:28,1,1
364,368,2021-09-28 03:59:00,2021-09-24 04:00:00,38,2021-09-24 04:22:54,2021-09-28 04:23:28,1,1
365,369,2021-09-28 03:59:00,2021-09-24 04:00:00,40,2021-09-24 04:22:54,2021-09-28 04:23:29,1,1
366,370,2021-09-28 03:59:00,2021-09-24 04:00:00,41,2021-09-24 04:22:54,2021-09-28 04:23:29,1,1
367,371,2021-10-05 03:59:00,2021-10-01 04:00:00,35,2021-10-01 04:24:10,2021-10-05 04:24:10,1,1
368,372,2021-10-05 03:59:00,2021-10-01 04:00:00,38,2021-10-01 04:24:10,2021-10-05 04:24:10,1,1
369,373,2021-10-05 03:59:00,2021-10-01 04:00:00,40,2021-10-01 04:24:10,2021-10-05 04:24:10,1,1
370,374,2021-10-05 03:59:00,2021-10-01 04:00:00,41,2021-10-01 04:24:10,2021-10-05 04:24:11,1,1
371,375,2021-10-12 03:59:00,2021-10-08 04:00:00,35,2021-10-08 04:23:00,2021-10-12 04:23:39,1,1
372,376,2021-10-12 03:59:00,2021-10-08 04:00:00,38,2021-10-08 04:23:00,2021-10-12 04:23:39,1,1
373,377,2021-10-12 03:59:00,2021-10-08 04:00:00,40,2021-10-08 04:23:00,2021-10-12 04:23:39,1,1
374,378,2021-10-12 03:59:00,2021-10-08 04:00:00,41,2021-10-08 04:23:00,2021-10-12 04:23:39,1,1
375,379,2021-10-19 03:59:00,2021-10-15 04:00:00,35,2021-10-15 04:24:21,2021-10-19 04:23:59,1,1
376,380,2021-10-19 03:59:00,2021-10-15 04:00:00,38,2021-10-15 04:24:21,2021-10-19 04:23:59,1,1
377,381,2021-10-19 03:59:00,2021-10-15 04:00:00,40,2021-10-15 04:24:21,2021-10-19 04:24:00,1,1
378,382,2021-10-19 03:59:00,2021-10-15 04:00:00,41,2021-10-15 04:24:21,2021-10-19 04:24:00,1,1
379,383,2021-10-26 03:59:00,2021-10-22 04:00:00,35,2021-10-22 04:23:32,2021-10-26 04:23:50,1,1
380,384,2021-10-26 03:59:00,2021-10-22 04:00:00,38,2021-10-22 04:23:32,2021-10-26 04:23:50,1,1
381,385,2021-10-26 03:59:00,2021-10-22 04:00:00,40,2021-10-22 04:23:32,2021-10-26 04:23:50,1,1
382,386,2021-10-26 03:59:00,2021-10-22 04:00:00,41,2021-10-22 04:23:32,2021-10-26 04:23:50,1,1
383,387,2021-11-02 03:59:00,2021-10-29 04:00:00,35,2021-10-29 04:21:57,2021-11-02 04:23:15,1,1
384,388,2021-11-02 03:59:00,2021-10-29 04:00:00,38,2021-10-29 04:21:57,2021-11-02 04:23:15,1,1
385,389,2021-11-02 03:59:00,2021-10-29 04:00:00,40,2021-10-29 04:21:57,2021-11-02 04:23:15,1,1
386,390,2021-11-02 03:59:00,2021-10-29 04:00:00,41,2021-10-29 04:21:57,2021-11-02 04:23:15,1,1
387,391,2021-11-08 04:59:00,2021-11-05 04:00:00,35,2021-11-05 04:20:45,2021-11-08 05:20:27,1,1
388,392,2021-11-08 04:59:00,2021-11-05 04:00:00,38,2021-11-05 04:20:45,2021-11-08 05:20:27,1,1
389,393,2021-11-08 04:59:00,2021-11-05 04:00:00,40,2021-11-05 04:20:45,2021-11-08 05:20:27,1,1
390,394,2021-11-08 04:59:00,2021-11-05 04:00:00,41,2021-11-05 04:20:45,2021-11-08 05:20:27,1,1
391,395,2021-11-16 04:59:00,2021-11-12 05:00:00,35,2021-11-12 05:21:15,2021-11-16 05:21:07,1,1
392,396,2021-11-16 04:59:00,2021-11-12 05:00:00,38,2021-11-12 05:21:15,2021-11-16 05:21:07,1,1
393,397,2021-11-16 04:59:00,2021-11-12 05:00:00,40,2021-11-12 05:21:15,2021-11-16 05:21:07,1,1
394,398,2021-11-16 04:59:00,2021-11-12 05:00:00,41,2021-11-12 05:21:15,2021-11-16 05:21:07,1,1
395,399,2021-11-23 04:59:00,2021-11-19 05:00:00,35,2021-11-19 05:21:11,2021-11-19 05:21:11,0,1
396,400,2021-11-23 04:59:00,2021-11-19 05:00:00,38,2021-11-19 05:21:11,2021-11-19 05:21:11,0,1
397,401,2021-11-23 04:59:00,2021-11-19 05:00:00,40,2021-11-19 05:21:11,2021-11-19 05:21:11,0,1
398,402,2021-11-23 04:59:00,2021-11-19 05:00:00,41,2021-11-19 05:21:11,2021-11-19 05:21:11,0,1
