,id,bingo_game_id,user_id,winner,created_at,updated_at,win_claimed,iteration,board_type,performance
0,1,72,175,,2018-04-17 01:40:43,2018-04-17 01:40:43,,1,0,
1,2,72,145,,2018-04-17 01:41:25,2018-04-17 01:41:25,,14,0,
2,3,72,125,,2018-04-17 01:41:32,2018-04-17 01:41:32,,11,0,
3,4,87,173,,2018-04-18 02:17:35,2018-04-18 02:17:35,,5,0,
4,5,73,125,,2018-04-19 01:28:14,2018-04-19 01:28:14,,2,0,
5,6,87,107,,2018-04-19 03:36:56,2018-04-19 03:36:56,,1,0,
6,7,87,122,,2018-04-19 03:37:28,2018-04-19 03:37:28,,2,0,
7,8,87,121,,2018-04-19 03:38:01,2018-04-19 03:38:01,,4,0,
8,9,87,141,,2018-04-19 03:38:22,2018-04-19 03:38:22,,2,0,
9,10,87,175,,2018-04-19 03:38:56,2018-04-19 03:38:56,,1,0,
10,11,74,145,,2018-04-23 03:00:00,2018-04-24 01:03:55,,3,0,
11,12,88,145,,2018-04-23 03:00:51,2018-04-23 03:00:51,,2,0,
12,13,88,173,,2018-04-23 03:15:35,2018-04-23 03:15:35,,1,0,
13,14,74,175,,2018-04-24 01:15:53,2018-04-24 01:15:53,,1,0,
14,15,88,122,,2018-04-24 04:23:27,2018-04-24 04:23:27,,1,0,
15,16,89,173,,2018-04-25 07:41:32,2018-04-25 07:41:32,,3,0,
16,17,75,145,,2018-04-26 01:03:34,2018-04-26 01:03:34,,16,0,
17,18,89,145,,2018-04-26 01:05:12,2018-04-26 01:05:12,,1,0,
18,19,90,144,,2018-05-01 01:23:38,2018-05-01 01:23:38,,1,0,
19,20,74,144,,2018-05-01 01:24:51,2018-05-01 01:24:51,,26,0,
20,21,76,13,,2018-05-08 01:44:12,2018-05-08 01:44:12,,3,0,
21,22,76,185,,2018-05-08 07:58:12,2018-05-08 07:58:12,,4,0,
22,23,77,13,,2018-05-15 02:13:27,2018-05-15 02:13:27,,2,0,
23,24,79,176,,2018-05-23 05:57:35,2018-05-23 05:57:35,,1,0,
24,25,80,185,,2018-05-29 01:29:20,2018-05-29 01:29:20,,1,0,
25,26,94,232,,2018-09-03 08:37:16,2018-09-03 08:37:16,,1,0,
26,27,94,233,,2018-09-03 12:14:58,2018-09-03 12:14:58,,1,0,
27,28,94,231,,2018-09-03 13:40:12,2018-09-03 13:40:12,,4,0,
28,29,94,170,,2018-09-03 18:58:26,2018-09-03 18:58:26,,5,0,
29,30,94,174,,2018-09-04 00:41:10,2018-09-04 00:46:10,,4,0,
30,31,94,172,,2018-09-04 01:13:05,2018-09-04 01:13:05,,4,0,
31,32,94,235,,2018-09-04 13:28:00,2018-09-04 13:28:00,,6,0,
32,33,94,179,,2018-09-05 08:05:17,2018-09-05 08:05:17,,18,0,
33,34,94,237,,2018-09-05 10:50:22,2018-09-05 10:50:22,,1,0,
34,35,95,233,,2018-09-10 04:46:42,2018-09-10 04:46:42,,1,0,
35,36,95,172,,2018-09-10 04:52:29,2018-09-10 04:52:29,,2,0,
36,37,95,237,,2018-09-10 07:36:48,2018-09-10 07:36:48,,3,0,
37,38,95,174,,2018-09-10 07:57:32,2018-09-10 07:59:07,,10,0,
38,39,95,235,,2018-09-10 08:30:17,2018-09-10 08:30:17,,1,0,
39,40,95,230,,2018-09-10 08:30:28,2018-09-10 08:30:28,,14,0,
40,41,95,170,,2018-09-10 23:41:41,2018-09-10 23:41:41,,1,0,
41,42,96,172,,2018-09-17 03:41:27,2018-09-17 03:41:27,,1,0,
42,43,96,174,,2018-09-17 04:09:59,2018-09-17 04:09:59,,8,0,
43,44,96,233,,2018-09-17 04:18:32,2018-09-17 04:18:32,,1,0,
44,45,96,235,,2018-09-17 11:52:59,2018-09-17 11:52:59,,1,0,
45,46,96,170,,2018-09-17 13:30:49,2018-09-17 13:30:49,,1,0,
46,47,96,230,,2018-09-17 14:32:04,2018-09-17 14:32:04,,3,0,
47,48,96,237,,2018-09-18 00:12:00,2018-09-18 00:12:00,,2,0,
48,49,96,231,,2018-09-18 00:41:27,2018-09-18 00:41:27,,2,0,
49,50,96,179,,2018-09-18 14:18:19,2018-09-18 14:18:19,,1,0,
50,51,97,172,,2018-10-01 02:44:17,2018-10-01 02:44:17,,1,0,
51,52,97,174,,2018-10-01 11:46:07,2018-10-01 11:47:02,,14,0,
52,53,97,235,,2018-10-01 14:26:55,2018-10-01 14:26:55,,1,0,
53,54,97,170,,2018-10-01 15:57:21,2018-10-01 15:57:21,,1,0,
54,55,97,231,,2018-10-02 00:16:24,2018-10-02 00:16:24,,2,0,
55,56,98,230,,2018-10-09 10:38:19,2018-10-09 10:38:19,,2,0,
56,57,98,237,,2018-10-09 12:37:58,2018-10-09 12:37:58,,2,0,
57,58,98,231,,2018-10-09 16:08:12,2018-10-09 16:08:12,,1,0,
58,59,98,174,,2018-10-10 08:15:56,2018-10-10 08:15:56,,28,0,
59,60,98,235,,2018-10-10 10:42:02,2018-10-10 10:42:02,,1,0,
60,61,98,172,,2018-10-11 00:07:40,2018-10-11 00:07:40,,1,0,
61,62,98,170,,2018-10-11 01:36:44,2018-10-11 01:36:44,,1,0,
62,63,99,235,,2018-10-15 07:03:32,2018-10-15 07:03:32,,1,0,
63,64,99,230,,2018-10-15 09:27:33,2018-10-15 09:27:33,,1,0,
64,65,99,231,,2018-10-15 11:21:10,2018-10-15 11:21:10,,1,0,
65,66,99,172,,2018-10-15 12:31:11,2018-10-15 12:31:11,,1,0,
66,67,99,170,,2018-10-15 13:28:34,2018-10-15 13:28:34,,1,0,
67,68,99,233,,2018-10-16 01:42:01,2018-10-16 01:42:01,,1,0,
68,69,100,231,,2018-10-16 03:55:57,2018-10-16 03:55:57,,1,0,
69,70,100,237,,2018-10-16 19:37:06,2018-10-16 19:37:06,,1,0,
70,71,100,170,,2018-10-17 01:46:44,2018-10-17 01:46:44,,1,0,
71,72,100,230,,2018-10-18 00:32:58,2018-10-18 00:32:58,,2,0,
72,73,100,172,,2018-10-18 00:55:44,2018-10-18 00:55:44,,1,0,
73,74,100,233,,2018-10-18 01:33:33,2018-10-18 01:33:33,,1,0,
74,75,100,235,,2018-10-18 03:55:43,2018-10-18 03:55:43,,1,0,
75,76,101,235,,2018-10-23 07:48:09,2018-10-23 07:48:09,,1,0,
76,77,101,237,,2018-10-23 15:09:03,2018-10-23 15:09:03,,1,0,
77,78,101,231,,2018-10-24 05:16:02,2018-10-24 05:16:02,,1,0,
78,79,101,170,,2018-10-24 10:57:22,2018-10-24 10:57:22,,1,0,
79,80,101,233,,2018-10-25 03:43:00,2018-10-25 03:43:00,,1,0,
80,81,102,235,,2018-10-28 12:17:53,2018-10-28 12:17:53,,1,0,
81,82,102,170,,2018-10-29 04:07:02,2018-10-29 04:07:02,,1,0,
82,83,102,231,,2018-10-29 05:38:13,2018-10-29 05:38:13,,1,0,
83,84,102,172,,2018-10-30 00:06:47,2018-10-30 00:06:47,,1,0,
84,85,102,233,,2018-10-30 09:54:02,2018-10-30 09:54:02,,1,0,
85,86,103,233,,2018-10-30 11:26:20,2018-10-30 11:26:20,,1,0,
86,87,102,237,,2018-10-30 13:29:27,2018-10-30 13:29:27,,1,0,
87,88,103,235,,2018-10-30 15:16:31,2018-10-30 15:16:31,,1,0,
88,89,103,231,,2018-11-01 07:29:44,2018-11-01 07:29:44,,1,0,
89,90,103,170,,2018-11-01 12:57:16,2018-11-01 12:57:16,,1,0,
90,91,104,231,,2018-11-04 07:45:08,2018-11-04 07:45:08,,1,0,
91,92,104,170,,2018-11-05 04:38:25,2018-11-05 04:38:25,,1,0,
92,93,104,236,,2018-11-05 08:14:29,2018-11-05 08:14:29,,1,0,
93,94,104,235,,2018-11-06 00:04:10,2018-11-06 00:04:10,,1,0,
94,95,104,233,,2018-11-06 02:08:02,2018-11-06 02:08:02,,1,0,
95,96,105,231,,2018-11-18 08:45:38,2018-11-18 08:45:38,,1,0,
96,97,105,179,,2018-11-18 09:13:53,2018-11-18 09:14:01,,2,0,
97,98,105,235,,2018-11-18 12:28:52,2018-11-18 12:28:52,,1,0,
98,99,105,233,,2018-11-19 06:39:02,2018-11-19 06:39:02,,1,0,
99,100,105,170,,2018-11-19 08:26:23,2018-11-19 08:26:23,,1,0,
100,101,105,237,,2018-11-19 13:54:31,2018-11-19 13:54:31,,1,0,
101,102,105,172,,2018-11-20 00:05:07,2018-11-20 00:05:07,,1,0,
102,103,106,231,,2018-11-25 06:14:33,2018-11-25 06:14:33,,1,0,
103,104,106,235,,2018-11-25 12:18:59,2018-11-25 12:18:59,,1,0,
104,105,106,170,,2018-11-26 09:16:14,2018-11-26 09:16:14,,1,0,
105,106,106,172,,2018-11-27 12:06:43,2018-11-27 12:06:43,,1,0,
106,107,106,237,,2018-11-27 14:44:36,2018-11-27 14:44:36,,1,0,
107,108,107,231,,2018-12-02 08:03:36,2018-12-02 08:03:36,,1,0,
108,109,107,233,,2018-12-02 11:19:09,2018-12-02 11:19:09,,1,0,
109,110,107,179,,2018-12-02 11:19:11,2018-12-02 11:19:11,,1,0,
110,111,107,170,,2018-12-02 11:37:39,2018-12-02 11:37:39,,1,0,
111,112,107,235,,2018-12-02 15:36:32,2018-12-02 15:36:32,,1,0,
112,113,107,237,,2018-12-03 13:36:05,2018-12-03 13:36:05,,1,0,
113,114,108,466,,2019-03-02 16:44:21,2019-03-02 16:44:21,,0,1,
114,115,108,434,,2019-03-02 21:08:41,2019-03-02 21:08:41,,0,1,
115,116,108,434,,2019-03-02 21:08:53,2019-03-02 21:08:53,,0,0,
116,117,108,432,,2019-03-02 22:55:35,2019-03-02 22:55:35,,0,1,
117,118,108,432,,2019-03-03 01:04:06,2019-03-03 01:04:06,,0,0,
118,119,108,448,,2019-03-03 02:16:52,2019-03-03 02:16:52,,0,1,
119,120,108,455,,2019-03-03 03:04:39,2019-03-03 03:04:39,,0,1,
120,121,108,455,,2019-03-03 03:05:07,2019-03-03 03:05:07,,0,0,
121,122,108,440,,2019-03-03 04:57:41,2019-03-03 04:57:41,,0,0,
122,123,108,466,,2019-03-03 05:41:34,2019-03-03 05:41:34,,0,0,
123,124,108,461,,2019-03-03 05:52:21,2019-03-03 05:52:21,,0,1,
124,125,108,444,,2019-03-03 06:06:44,2019-03-03 06:06:44,,0,1,
125,126,108,444,,2019-03-03 06:10:14,2019-03-03 06:10:14,,0,0,
126,127,108,458,,2019-03-03 07:06:21,2019-03-03 07:06:21,,0,1,
127,128,108,470,,2019-03-03 07:34:30,2019-03-03 07:34:30,,0,1,
128,129,108,470,,2019-03-03 07:36:20,2019-03-03 07:36:20,,0,0,
129,130,108,463,,2019-03-03 09:55:05,2019-03-03 09:55:05,,0,1,
130,131,108,463,,2019-03-03 09:55:19,2019-03-03 09:55:19,,0,0,
131,132,108,445,,2019-03-03 09:56:49,2019-03-03 09:56:49,,0,0,
132,133,108,449,,2019-03-03 10:13:52,2019-03-03 10:13:52,,0,1,
133,134,108,457,,2019-03-03 10:16:48,2019-03-03 10:16:48,,0,1,
134,135,108,457,,2019-03-03 10:17:46,2019-03-03 10:17:46,,0,0,
135,136,108,448,,2019-03-03 11:06:47,2019-03-03 11:06:47,,0,0,
136,137,108,469,,2019-03-03 12:04:01,2019-03-03 12:04:01,,0,1,
137,138,108,469,,2019-03-03 12:07:00,2019-03-03 12:07:00,,0,0,
138,139,108,461,,2019-03-03 13:01:56,2019-03-03 13:01:56,,0,0,
139,140,108,191,,2019-03-03 13:58:15,2019-03-03 13:58:15,,0,0,
140,141,108,472,,2019-03-03 14:46:03,2019-03-03 14:46:03,,0,0,
141,142,108,442,,2019-03-03 15:03:45,2019-03-03 15:03:45,,0,0,
142,143,108,442,,2019-03-03 15:04:03,2019-03-03 15:04:03,,0,1,
143,144,108,116,,2019-03-03 15:32:01,2019-03-03 15:32:01,,0,1,
144,145,108,451,,2019-03-03 15:39:51,2019-03-03 15:39:51,,0,1,
145,146,108,451,,2019-03-03 15:40:11,2019-03-03 15:40:11,,0,0,
146,147,108,452,,2019-03-03 17:04:03,2019-03-03 17:04:03,,0,1,
147,148,108,452,,2019-03-03 17:04:32,2019-03-03 17:04:32,,0,0,
148,149,108,447,,2019-03-03 17:44:46,2019-03-03 17:44:46,,0,1,
149,150,108,447,,2019-03-03 17:45:22,2019-03-03 17:45:22,,0,0,
150,151,108,472,,2019-03-03 17:47:28,2019-03-03 17:47:28,,0,1,
151,152,108,446,,2019-03-03 19:09:10,2019-03-03 19:09:10,,0,0,
152,153,108,443,,2019-03-04 00:23:54,2019-03-04 00:23:54,,0,0,
153,154,108,443,,2019-03-04 00:24:01,2019-03-04 00:24:01,,0,1,
154,155,108,464,,2019-03-04 01:33:43,2019-03-04 01:33:43,,0,1,
155,156,108,449,,2019-03-04 02:36:15,2019-03-04 02:36:15,,0,0,
156,157,108,445,,2019-03-04 02:39:38,2019-03-04 02:39:38,,0,1,
157,158,108,453,,2019-03-04 02:52:47,2019-03-04 02:52:47,,0,0,
158,159,108,468,,2019-03-04 06:05:17,2019-03-04 06:05:17,,0,1,
159,160,108,441,,2019-03-04 06:06:08,2019-03-04 06:06:08,,0,0,
160,161,108,468,,2019-03-04 06:06:09,2019-03-04 06:06:09,,0,0,
161,162,108,441,,2019-03-04 06:07:21,2019-03-04 06:07:21,,0,1,
162,163,108,191,,2019-03-04 06:39:29,2019-03-04 06:39:29,,0,1,
163,164,108,153,,2019-03-04 06:40:35,2019-03-04 06:40:35,,0,1,
164,165,108,148,,2019-03-04 06:40:41,2019-03-04 06:40:41,,0,1,
165,166,108,148,,2019-03-04 06:43:53,2019-03-04 06:43:53,,0,0,
166,167,108,467,,2019-03-04 12:56:13,2019-03-04 12:56:13,,0,1,
167,168,112,438,,2019-03-10 06:52:18,2019-03-10 06:52:18,,0,1,
168,169,112,490,,2019-03-10 15:03:20,2019-03-10 15:03:20,,0,1,
169,170,109,461,,2019-03-10 15:44:40,2019-03-10 15:44:40,,0,1,
170,171,109,461,,2019-03-10 15:45:46,2019-03-10 15:45:46,,0,0,
171,172,109,448,,2019-03-10 15:57:44,2019-03-10 15:57:44,,0,1,
172,173,109,448,,2019-03-10 15:58:27,2019-03-10 15:58:27,,0,0,
173,174,109,432,,2019-03-10 22:50:16,2019-03-10 22:50:16,,0,1,
174,175,109,432,,2019-03-10 22:51:17,2019-03-10 22:51:17,,0,0,
175,176,109,444,,2019-03-10 22:54:28,2019-03-10 22:54:28,,0,1,
176,177,109,444,,2019-03-10 22:56:20,2019-03-10 22:56:20,,0,0,
177,178,109,191,,2019-03-11 00:43:16,2019-03-11 00:43:16,,0,1,
178,179,109,191,,2019-03-11 00:44:22,2019-03-11 00:44:22,,0,0,
179,180,109,451,,2019-03-11 02:03:45,2019-03-11 02:03:45,,0,1,
180,181,109,466,,2019-03-11 02:30:08,2019-03-11 02:30:08,,0,1,
181,182,109,452,,2019-03-11 03:08:12,2019-03-11 03:08:12,,0,1,
182,183,109,443,,2019-03-11 03:12:08,2019-03-11 03:12:08,,0,1,
183,184,109,443,,2019-03-11 03:12:44,2019-03-11 03:12:44,,0,0,
184,185,109,447,,2019-03-11 03:38:53,2019-03-11 03:38:53,,0,1,
185,186,109,447,,2019-03-11 03:40:23,2019-03-11 03:40:23,,0,0,
186,187,109,458,,2019-03-11 03:47:53,2019-03-11 03:47:53,,0,1,
187,188,109,452,,2019-03-11 04:01:00,2019-03-11 04:01:00,,0,0,
188,189,115,438,,2019-03-11 04:43:10,2019-03-11 04:43:10,,0,1,
189,190,109,445,,2019-03-11 05:42:22,2019-03-11 05:42:22,,0,1,
190,191,109,445,,2019-03-11 05:43:10,2019-03-11 05:43:10,,0,0,
191,192,109,463,,2019-03-11 05:49:36,2019-03-11 05:49:36,,0,1,
192,193,109,470,,2019-03-11 06:01:34,2019-03-11 06:01:34,,0,0,
193,194,109,470,,2019-03-11 06:02:06,2019-03-11 06:02:06,,0,1,
194,195,109,466,,2019-03-11 06:11:09,2019-03-11 06:11:09,,0,0,
195,196,109,469,,2019-03-11 06:24:36,2019-03-11 06:24:36,,0,1,
196,197,109,116,,2019-03-11 06:26:39,2019-03-11 06:26:39,,0,1,
197,198,109,442,,2019-03-11 06:27:01,2019-03-11 06:27:01,,0,1,
198,199,109,153,,2019-03-11 06:28:53,2019-03-11 06:28:53,,0,1,
199,200,109,493,,2019-03-11 06:29:49,2019-03-11 06:29:49,,0,1,
200,201,109,493,,2019-03-11 06:29:59,2019-03-11 06:29:59,,0,0,
201,202,109,116,,2019-03-11 06:31:12,2019-03-11 06:31:12,,0,0,
202,203,109,467,,2019-03-11 06:32:27,2019-03-11 06:32:27,,0,1,
203,204,109,471,,2019-03-11 06:34:08,2019-03-11 06:34:08,,0,0,
204,205,109,441,,2019-03-11 06:41:21,2019-03-11 06:41:21,,0,1,
205,206,112,122,,2019-03-11 08:12:13,2019-03-11 08:12:13,,0,1,
206,207,115,122,,2019-03-11 08:13:49,2019-03-11 08:13:49,,0,1,
207,208,115,122,,2019-03-11 08:14:54,2019-03-11 08:14:54,,0,0,
208,209,115,490,,2019-03-11 13:37:09,2019-03-11 13:37:09,,0,0,
209,210,115,437,,2019-03-12 10:38:47,2019-03-12 10:38:47,,0,0,
210,211,115,437,,2019-03-12 10:39:35,2019-03-12 10:39:35,,0,1,
211,212,115,173,,2019-03-13 01:54:12,2019-03-13 01:54:12,,0,1,
212,213,113,466,,2019-03-17 03:45:24,2019-03-17 03:45:24,,0,1,
213,214,113,466,,2019-03-17 03:45:35,2019-03-17 03:45:35,,0,0,
214,215,113,444,,2019-03-17 04:30:12,2019-03-17 04:30:12,,0,1,
215,216,113,444,,2019-03-17 04:31:24,2019-03-17 04:31:24,,0,0,
216,217,113,432,,2019-03-17 04:36:38,2019-03-17 04:36:38,,0,1,
217,218,113,432,,2019-03-17 04:36:55,2019-03-17 04:36:55,,0,0,
218,219,113,442,,2019-03-17 06:29:12,2019-03-17 06:29:12,,0,1,
219,220,113,448,,2019-03-17 07:24:56,2019-03-17 07:24:56,,0,1,
220,221,113,448,,2019-03-17 07:25:53,2019-03-17 07:25:53,,0,0,
221,222,113,461,,2019-03-17 07:41:53,2019-03-17 07:41:53,,0,1,
222,223,113,461,,2019-03-17 07:42:31,2019-03-17 07:42:31,,0,0,
223,224,113,148,,2019-03-17 09:08:02,2019-03-17 09:08:02,,0,1,
224,225,113,457,,2019-03-17 10:51:42,2019-03-17 10:51:42,,0,1,
225,226,113,457,,2019-03-17 10:53:07,2019-03-17 10:53:07,,0,0,
226,227,113,452,,2019-03-17 11:39:35,2019-03-17 11:39:35,,0,1,
227,228,113,452,,2019-03-17 11:39:55,2019-03-17 11:39:55,,0,0,
228,229,113,469,,2019-03-17 12:14:56,2019-03-17 12:14:56,,0,1,
229,230,125,437,,2019-03-17 13:11:44,2019-03-17 13:11:44,,0,1,
230,231,113,449,,2019-03-17 13:24:55,2019-03-17 13:24:55,,0,1,
231,232,113,468,,2019-03-17 14:42:19,2019-03-17 14:42:19,,0,1,
232,233,113,116,,2019-03-17 14:47:00,2019-03-17 14:47:00,,0,1,
233,234,113,116,,2019-03-17 14:47:41,2019-03-17 14:47:41,,0,0,
234,235,113,458,,2019-03-17 16:14:23,2019-03-17 16:14:23,,0,1,
235,236,113,470,,2019-03-17 16:15:20,2019-03-17 16:15:20,,0,1,
236,237,113,467,,2019-03-17 19:38:00,2019-03-17 19:38:00,,0,1,
237,238,113,441,,2019-03-17 23:14:56,2019-03-17 23:14:56,,0,1,
238,239,113,191,,2019-03-18 00:32:51,2019-03-18 00:32:51,,0,1,
239,240,113,464,,2019-03-18 00:34:10,2019-03-18 00:34:10,,0,1,
240,241,113,464,,2019-03-18 00:35:06,2019-03-18 00:35:06,,0,0,
241,242,113,191,,2019-03-18 01:19:42,2019-03-18 01:19:42,,0,0,
242,243,126,437,,2019-03-18 01:31:34,2019-03-18 01:31:34,,0,1,
243,244,113,443,,2019-03-18 01:34:17,2019-03-18 01:34:17,,0,1,
244,245,113,443,,2019-03-18 02:59:14,2019-03-18 02:59:14,,0,0,
245,246,113,447,,2019-03-18 03:08:11,2019-03-18 03:08:11,,0,1,
246,247,113,447,,2019-03-18 03:09:12,2019-03-18 03:09:12,,0,0,
247,248,113,446,,2019-03-18 04:04:56,2019-03-18 04:04:56,,0,1,
248,249,113,440,,2019-03-18 05:45:25,2019-03-18 05:45:25,,0,1,
249,250,113,460,,2019-03-18 05:50:23,2019-03-18 05:50:23,,0,1,
250,251,113,441,,2019-03-18 05:51:18,2019-03-18 05:51:18,,0,0,
251,252,113,451,,2019-03-18 05:53:54,2019-03-18 05:53:54,,0,1,
252,253,125,122,,2019-03-18 06:18:57,2019-03-18 06:18:57,,0,1,
253,254,126,122,,2019-03-18 06:19:28,2019-03-18 06:19:28,,0,1,
254,255,125,490,,2019-03-18 07:31:24,2019-03-18 07:31:24,,0,1,
255,256,126,173,,2019-03-19 14:46:21,2019-03-19 14:46:21,,0,1,
256,257,114,432,,2019-03-24 02:32:48,2019-03-24 02:32:48,,0,1,
257,258,114,432,,2019-03-24 02:32:56,2019-03-24 02:32:56,,0,0,
258,259,114,466,,2019-03-24 02:55:14,2019-03-24 02:55:14,,0,1,
259,260,114,466,,2019-03-24 02:55:33,2019-03-24 02:55:33,,0,0,
260,261,114,448,,2019-03-24 07:45:26,2019-03-24 07:45:26,,0,1,
261,262,114,448,,2019-03-24 07:45:53,2019-03-24 07:45:53,,0,0,
262,263,114,445,,2019-03-24 12:45:59,2019-03-24 12:45:59,,0,1,
263,264,114,445,,2019-03-24 12:47:31,2019-03-24 12:47:31,,0,0,
264,265,114,442,,2019-03-24 12:59:20,2019-03-24 12:59:20,,0,1,
265,266,114,191,,2019-03-24 13:19:06,2019-03-24 13:19:06,,0,1,
266,267,114,461,,2019-03-24 14:11:56,2019-03-24 14:11:56,,0,1,
267,268,114,461,,2019-03-24 14:16:15,2019-03-24 14:16:15,,0,0,
268,269,114,452,,2019-03-24 14:20:27,2019-03-24 14:20:27,,0,1,
269,270,114,457,,2019-03-24 15:18:39,2019-03-24 15:18:39,,0,1,
270,271,114,457,,2019-03-24 15:19:47,2019-03-24 15:19:47,,0,0,
271,272,127,173,,2019-03-24 21:09:19,2019-03-24 21:09:19,,0,1,
272,273,114,441,,2019-03-25 00:42:24,2019-03-25 00:42:24,,0,0,
273,274,114,441,,2019-03-25 00:44:05,2019-03-25 00:44:05,,0,1,
274,275,114,464,,2019-03-25 00:56:16,2019-03-25 00:56:16,,0,1,
275,276,114,464,,2019-03-25 00:56:26,2019-03-25 00:56:26,,0,0,
276,277,127,490,,2019-03-25 01:08:43,2019-03-25 01:08:43,,0,0,
277,278,114,447,,2019-03-25 01:11:06,2019-03-25 01:11:06,,0,1,
278,279,114,447,,2019-03-25 01:11:35,2019-03-25 01:11:35,,0,0,
279,280,114,443,,2019-03-25 01:52:24,2019-03-25 01:52:24,,0,0,
280,281,114,443,,2019-03-25 01:52:53,2019-03-25 01:52:53,,0,1,
281,282,114,116,,2019-03-25 02:03:25,2019-03-25 02:03:25,,0,1,
282,283,114,116,,2019-03-25 02:04:09,2019-03-25 02:04:09,,0,0,
283,284,114,148,,2019-03-25 02:06:48,2019-03-25 02:06:48,,0,1,
284,285,114,449,,2019-03-25 02:30:46,2019-03-25 02:30:46,,0,1,
285,286,114,493,,2019-03-25 02:31:13,2019-03-25 02:31:13,,0,1,
286,287,114,493,,2019-03-25 02:31:29,2019-03-25 02:31:29,,0,0,
287,288,114,444,,2019-03-25 02:39:37,2019-03-25 02:39:37,,0,1,
288,289,114,444,,2019-03-25 02:39:44,2019-03-25 02:39:44,,0,0,
289,290,114,452,,2019-03-25 03:35:07,2019-03-25 03:35:07,,0,0,
290,291,114,458,,2019-03-25 03:53:45,2019-03-25 03:53:45,,0,1,
291,292,114,467,,2019-03-25 05:24:19,2019-03-25 05:24:19,,0,1,
292,293,114,451,,2019-03-25 05:36:53,2019-03-25 05:36:53,,0,1,
293,294,114,148,,2019-03-25 05:41:40,2019-03-25 05:41:40,,0,0,
294,295,114,153,,2019-03-25 06:28:56,2019-03-25 06:28:56,,0,1,
295,296,128,173,,2019-03-31 13:37:32,2019-03-31 13:37:32,,0,1,
296,297,128,173,,2019-03-31 13:38:54,2019-03-31 13:38:54,,0,0,
297,298,128,490,,2019-04-01 01:25:36,2019-04-01 01:25:36,,0,1,
298,299,116,191,,2019-04-02 04:37:42,2019-04-02 04:37:42,,0,1,
299,300,116,466,,2019-04-02 04:50:30,2019-04-02 04:50:30,,0,1,
300,301,116,466,,2019-04-02 04:50:35,2019-04-02 04:50:35,,0,0,
301,302,116,444,,2019-04-02 04:55:02,2019-04-02 04:55:02,,0,1,
302,303,116,461,,2019-04-02 05:30:56,2019-04-02 05:30:56,,0,1,
303,304,116,461,,2019-04-02 05:31:26,2019-04-02 05:31:26,,0,0,
304,305,116,445,,2019-04-02 06:16:31,2019-04-02 06:16:31,,0,1,
305,306,116,442,,2019-04-02 13:46:49,2019-04-02 13:46:49,,0,1,
306,307,116,470,,2019-04-02 13:46:51,2019-04-02 13:46:51,,0,1,
307,308,116,116,,2019-04-02 13:53:05,2019-04-02 13:53:05,,0,1,
308,309,116,116,,2019-04-02 13:54:20,2019-04-02 13:54:20,,0,0,
309,310,116,468,,2019-04-02 14:00:07,2019-04-02 14:00:07,,0,1,
310,311,116,448,,2019-04-02 14:26:02,2019-04-02 14:26:02,,0,1,
311,312,116,467,,2019-04-02 15:56:07,2019-04-02 15:56:07,,0,1,
312,313,116,458,,2019-04-02 17:07:56,2019-04-02 17:07:56,,0,1,
313,314,116,443,,2019-04-03 01:31:38,2019-04-03 01:31:38,,0,0,
314,315,116,443,,2019-04-03 01:32:21,2019-04-03 01:32:21,,0,1,
315,316,116,449,,2019-04-03 01:58:14,2019-04-03 01:58:14,,0,1,
316,317,116,469,,2019-04-03 02:50:29,2019-04-03 02:50:29,,0,1,
317,318,116,432,,2019-04-03 02:53:55,2019-04-03 02:53:55,,0,1,
318,319,116,448,,2019-04-03 03:40:17,2019-04-03 03:40:17,,0,0,
319,320,116,451,,2019-04-03 04:32:06,2019-04-03 04:32:06,,0,1,
320,321,116,464,,2019-04-03 05:04:58,2019-04-03 05:04:58,,0,1,
321,322,116,464,,2019-04-03 05:05:13,2019-04-03 05:05:13,,0,0,
322,323,116,452,,2019-04-03 05:08:37,2019-04-03 05:08:37,,0,1,
323,324,116,148,,2019-04-03 05:25:25,2019-04-03 05:25:25,,0,1,
324,325,116,148,,2019-04-03 05:25:57,2019-04-03 05:25:57,,0,0,
325,326,116,452,,2019-04-03 05:53:45,2019-04-03 05:53:45,,0,0,
326,327,116,440,,2019-04-03 05:57:30,2019-04-03 05:57:30,,0,1,
327,328,117,443,,2019-04-09 08:56:29,2019-04-09 08:56:29,,0,1,
328,329,117,446,,2019-04-09 09:05:25,2019-04-09 09:05:25,,0,1,
329,330,117,432,,2019-04-09 10:13:44,2019-04-09 10:13:44,,0,1,
330,331,117,432,,2019-04-09 10:13:52,2019-04-09 10:13:52,,0,0,
331,332,117,442,,2019-04-09 10:14:55,2019-04-09 10:14:55,,0,1,
332,333,117,493,,2019-04-09 11:24:34,2019-04-09 11:24:34,,0,1,
333,334,117,448,,2019-04-09 11:29:19,2019-04-09 11:29:19,,0,1,
334,335,117,148,,2019-04-09 13:10:34,2019-04-09 13:10:34,,0,1,
335,336,117,452,,2019-04-09 16:17:19,2019-04-09 16:17:19,,0,1,
336,337,117,444,,2019-04-10 01:35:52,2019-04-10 01:35:52,,0,1,
337,338,117,466,,2019-04-10 01:51:30,2019-04-10 01:51:30,,0,1,
338,339,117,466,,2019-04-10 01:51:40,2019-04-10 01:51:40,,0,0,
339,340,117,461,,2019-04-10 02:27:21,2019-04-10 02:27:21,,0,1,
340,341,117,461,,2019-04-10 02:27:49,2019-04-10 02:27:49,,0,0,
341,342,117,191,,2019-04-10 02:43:54,2019-04-10 02:43:54,,0,1,
342,343,117,468,,2019-04-10 04:32:02,2019-04-10 04:32:02,,0,1,
343,344,117,148,,2019-04-10 05:15:00,2019-04-10 05:15:00,,0,0,
344,345,117,458,,2019-04-10 05:21:56,2019-04-10 05:21:56,,0,1,
345,346,117,467,,2019-04-10 05:39:22,2019-04-10 05:39:22,,0,1,
346,347,117,447,,2019-04-10 05:50:59,2019-04-10 05:50:59,,0,1,
347,348,117,470,,2019-04-10 05:52:00,2019-04-10 05:52:00,,0,1,
348,349,117,451,,2019-04-10 06:02:19,2019-04-10 06:02:19,,0,1,
349,350,117,464,,2019-04-10 06:19:01,2019-04-10 06:19:01,,0,1,
350,351,117,464,,2019-04-10 06:19:08,2019-04-10 06:19:08,,0,0,
351,352,117,469,,2019-04-10 06:27:07,2019-04-10 06:27:07,,0,1,
352,353,117,445,,2019-04-10 06:32:40,2019-04-10 06:32:40,,0,1,
353,354,118,444,,2019-04-16 06:24:51,2019-04-16 06:24:51,,0,1,
354,355,118,432,,2019-04-16 06:48:44,2019-04-16 06:48:44,,0,1,
355,356,118,441,,2019-04-16 07:00:18,2019-04-16 07:00:18,,0,1,
356,357,118,432,,2019-04-16 07:33:32,2019-04-16 07:33:32,,0,0,
357,358,118,451,,2019-04-16 07:38:36,2019-04-16 07:38:36,,0,1,
358,359,118,470,,2019-04-16 07:44:14,2019-04-16 07:44:14,,0,1,
359,360,118,466,,2019-04-16 08:59:53,2019-04-16 08:59:53,,0,1,
360,361,118,466,,2019-04-16 09:00:18,2019-04-16 09:00:18,,0,0,
361,362,118,191,,2019-04-16 09:12:35,2019-04-16 09:12:35,,0,1,
362,363,118,461,,2019-04-16 10:43:05,2019-04-16 10:43:05,,0,1,
363,364,118,461,,2019-04-16 10:43:25,2019-04-16 10:43:25,,0,0,
364,365,118,449,,2019-04-16 13:11:25,2019-04-16 13:11:25,,0,1,
365,366,118,445,,2019-04-16 13:47:53,2019-04-16 13:47:53,,0,1,
366,367,118,445,,2019-04-16 13:48:11,2019-04-16 13:48:11,,0,0,
367,368,118,442,,2019-04-16 17:06:28,2019-04-16 17:06:28,,0,1,
368,369,118,452,,2019-04-16 19:52:26,2019-04-16 19:52:26,,0,1,
369,370,118,464,,2019-04-17 03:39:29,2019-04-17 03:39:29,,0,1,
370,371,118,464,,2019-04-17 03:39:34,2019-04-17 03:39:34,,0,0,
371,372,118,148,,2019-04-17 04:44:33,2019-04-17 04:44:33,,0,1,
372,373,118,457,,2019-04-17 05:00:16,2019-04-17 05:00:16,,0,1,
373,374,118,443,,2019-04-17 05:15:26,2019-04-17 05:15:26,,0,1,
374,375,119,432,,2019-04-21 02:28:47,2019-04-21 02:28:47,,0,1,
375,376,119,444,,2019-04-21 05:21:03,2019-04-21 05:21:03,,0,1,
376,377,119,452,,2019-04-21 10:01:35,2019-04-21 10:01:35,,0,1,
377,378,119,445,,2019-04-21 12:39:00,2019-04-21 12:39:00,,0,1,
378,379,119,443,,2019-04-21 13:21:57,2019-04-21 13:21:57,,0,1,
379,380,119,191,,2019-04-21 14:22:44,2019-04-21 14:22:44,,0,1,
380,381,119,446,,2019-04-21 14:54:11,2019-04-21 14:54:11,,0,1,
381,382,119,470,,2019-04-21 14:59:09,2019-04-21 14:59:09,,0,1,
382,383,119,448,,2019-04-21 16:23:31,2019-04-21 16:23:31,,0,1,
383,384,119,458,,2019-04-21 20:46:28,2019-04-21 20:46:28,,0,1,
384,385,119,442,,2019-04-22 00:36:10,2019-04-22 00:36:10,,0,1,
385,386,119,464,,2019-04-22 00:44:28,2019-04-22 00:44:28,,0,1,
386,387,119,464,,2019-04-22 00:44:38,2019-04-22 00:44:38,,0,0,
387,388,119,447,,2019-04-22 01:06:12,2019-04-22 01:06:12,,0,1,
388,389,119,447,,2019-04-22 01:07:23,2019-04-22 01:07:23,,0,0,
389,390,119,461,,2019-04-22 01:30:15,2019-04-22 01:30:15,,0,1,
390,391,119,449,,2019-04-22 01:30:16,2019-04-22 01:30:16,,0,1,
391,392,119,466,,2019-04-22 01:38:18,2019-04-22 01:38:18,,0,0,
392,393,119,466,,2019-04-22 01:38:30,2019-04-22 01:38:30,,0,1,
393,394,119,441,,2019-04-22 05:21:28,2019-04-22 05:21:28,,0,1,
394,395,119,469,,2019-04-22 05:53:13,2019-04-22 05:53:13,,0,1,
395,396,119,148,,2019-04-22 06:27:11,2019-04-22 06:27:11,,0,1,
396,397,120,468,,2019-04-23 02:42:33,2019-04-23 02:42:33,,0,1,
397,398,120,447,,2019-04-23 02:43:38,2019-04-23 02:43:38,,0,1,
398,399,120,447,,2019-04-23 02:45:07,2019-04-23 02:45:07,,0,0,
399,400,120,468,,2019-04-23 02:56:45,2019-04-23 02:56:45,,0,0,
400,401,120,444,,2019-04-23 03:04:21,2019-04-23 03:04:21,,0,1,
401,402,120,432,,2019-04-23 04:00:47,2019-04-23 04:00:47,,0,1,
402,403,120,432,,2019-04-23 04:01:27,2019-04-23 04:01:27,,0,0,
403,404,120,461,,2019-04-23 04:23:32,2019-04-23 04:23:32,,0,1,
404,405,120,461,,2019-04-23 04:23:56,2019-04-23 04:23:56,,0,0,
405,406,120,449,,2019-04-23 06:08:03,2019-04-23 06:08:03,,0,1,
406,407,120,466,,2019-04-23 06:24:13,2019-04-23 06:24:13,,0,1,
407,408,120,443,,2019-04-23 06:44:50,2019-04-23 06:44:50,,0,1,
408,409,120,446,,2019-04-23 07:05:25,2019-04-23 07:05:25,,0,1,
409,410,120,448,,2019-04-23 07:45:22,2019-04-23 07:45:22,,0,1,
410,411,120,442,,2019-04-23 08:24:31,2019-04-23 08:24:31,,0,1,
411,412,120,466,,2019-04-23 10:05:32,2019-04-23 10:05:32,,0,0,
412,413,120,458,,2019-04-23 12:05:11,2019-04-23 12:05:11,,0,1,
413,414,120,452,,2019-04-23 17:02:10,2019-04-23 17:02:10,,0,1,
414,415,120,469,,2019-04-24 03:42:14,2019-04-24 03:42:14,,0,1,
415,416,120,464,,2019-04-24 04:33:22,2019-04-24 04:33:22,,0,0,
416,417,120,464,,2019-04-24 04:33:43,2019-04-24 04:33:43,,0,1,
417,418,120,470,,2019-04-24 04:38:50,2019-04-24 04:38:50,,0,1,
418,419,120,191,,2019-04-24 05:03:04,2019-04-24 05:03:04,,0,1,
419,420,120,467,,2019-04-24 05:05:53,2019-04-24 05:05:53,,0,1,
420,421,120,148,,2019-04-24 06:22:16,2019-04-24 06:22:16,,0,1,
421,422,121,432,,2019-04-27 06:56:35,2019-04-27 06:56:35,,0,1,
422,423,121,493,,2019-04-27 08:13:33,2019-04-27 08:13:33,,0,1,
423,424,121,493,,2019-04-27 08:14:04,2019-04-27 08:14:04,,0,0,
424,425,121,444,,2019-04-27 11:50:48,2019-04-27 11:50:48,,0,1,
425,426,121,461,,2019-04-27 15:14:08,2019-04-27 15:14:08,,0,1,
426,427,121,466,,2019-04-28 03:35:39,2019-04-28 03:35:39,,0,1,
427,428,121,466,,2019-04-28 03:37:26,2019-04-28 03:37:26,,0,0,
428,429,121,447,,2019-04-28 05:36:55,2019-04-28 05:36:55,,0,1,
429,430,121,458,,2019-04-28 11:08:23,2019-04-28 11:08:23,,0,1,
430,431,121,191,,2019-04-28 11:37:49,2019-04-28 11:37:49,,0,1,
431,432,121,445,,2019-04-28 11:38:27,2019-04-28 11:38:27,,0,1,
432,433,121,471,,2019-04-28 13:20:42,2019-04-28 13:20:42,,0,1,
433,434,121,464,,2019-04-28 15:07:41,2019-04-28 15:07:41,,0,1,
434,435,121,442,,2019-04-28 16:22:52,2019-04-28 16:22:52,,0,1,
435,436,121,448,,2019-04-29 00:51:54,2019-04-29 00:51:54,,0,1,
436,437,121,443,,2019-04-29 01:41:47,2019-04-29 01:41:47,,0,1,
437,438,121,457,,2019-04-29 03:18:33,2019-04-29 03:18:33,,0,1,
438,439,121,449,,2019-04-29 03:35:45,2019-04-29 03:35:45,,0,1,
439,440,121,470,,2019-04-29 03:59:26,2019-04-29 03:59:26,,0,1,
440,441,121,441,,2019-04-29 05:49:30,2019-04-29 05:49:30,,0,1,
441,442,121,469,,2019-04-29 05:57:37,2019-04-29 05:57:37,,0,1,
442,443,121,468,,2019-04-29 05:58:53,2019-04-29 05:58:53,,0,1,
443,444,122,441,,2019-05-07 05:52:36,2019-05-07 05:52:36,,0,1,
444,445,122,449,,2019-05-07 05:53:04,2019-05-07 05:53:04,,0,1,
445,446,122,461,,2019-05-07 05:55:33,2019-05-07 05:55:33,,0,1,
446,447,122,432,,2019-05-07 06:37:12,2019-05-07 06:37:12,,0,1,
447,448,122,493,,2019-05-07 07:46:01,2019-05-07 07:46:01,,0,1,
448,449,122,444,,2019-05-07 10:36:08,2019-05-07 10:36:08,,0,1,
449,450,122,443,,2019-05-07 13:02:23,2019-05-07 13:02:23,,0,1,
450,451,122,148,,2019-05-07 14:29:07,2019-05-07 14:29:07,,0,1,
451,452,122,148,,2019-05-07 14:29:40,2019-05-07 14:29:40,,0,0,
452,453,122,464,,2019-05-07 15:32:53,2019-05-07 15:32:53,,0,0,
453,454,122,464,,2019-05-07 15:35:18,2019-05-07 15:35:18,,0,1,
454,455,122,466,,2019-05-07 16:43:29,2019-05-07 16:43:29,,0,1,
455,456,122,466,,2019-05-07 16:43:46,2019-05-07 16:43:46,,0,0,
456,457,122,442,,2019-05-07 18:19:29,2019-05-07 18:19:29,,0,1,
457,458,122,448,,2019-05-08 01:22:47,2019-05-08 01:22:47,,0,1,
458,459,122,461,,2019-05-08 02:07:52,2019-05-08 02:07:52,,0,0,
459,460,122,447,,2019-05-08 03:59:40,2019-05-08 03:59:40,,0,1,
460,461,122,445,,2019-05-08 04:04:35,2019-05-08 04:04:35,,0,1,
461,462,122,191,,2019-05-08 04:31:02,2019-05-08 04:31:02,,0,1,
462,463,122,470,,2019-05-08 04:31:43,2019-05-08 04:31:43,,0,1,
463,464,122,458,,2019-05-08 05:11:39,2019-05-08 05:11:39,,0,1,
464,465,122,467,,2019-05-08 05:27:03,2019-05-08 05:27:03,,0,1,
465,466,122,469,,2019-05-08 06:25:48,2019-05-08 06:25:48,,0,1,
466,467,123,444,,2019-05-11 13:54:28,2019-05-11 13:54:28,,0,1,
467,468,123,461,,2019-05-11 14:23:10,2019-05-11 14:23:10,,0,1,
468,469,123,461,,2019-05-11 14:23:33,2019-05-11 14:23:33,,0,0,
469,470,123,443,,2019-05-11 14:47:36,2019-05-11 14:47:36,,0,1,
470,471,123,447,,2019-05-11 15:46:11,2019-05-11 15:46:11,,0,1,
471,472,123,466,,2019-05-12 05:29:48,2019-05-12 05:29:48,,0,1,
472,473,123,466,,2019-05-12 05:29:53,2019-05-12 05:29:53,,0,0,
473,474,123,464,,2019-05-12 12:00:55,2019-05-12 12:00:55,,0,1,
474,475,123,441,,2019-05-12 12:13:12,2019-05-12 12:13:12,,0,1,
475,476,123,463,,2019-05-12 12:29:27,2019-05-12 12:29:27,,0,1,
476,477,123,457,,2019-05-12 12:30:13,2019-05-12 12:30:13,,0,1,
477,478,123,460,,2019-05-12 12:31:46,2019-05-12 12:31:46,,0,1,
478,479,123,434,,2019-05-12 12:31:48,2019-05-12 12:31:48,,0,1,
479,480,123,432,,2019-05-12 16:56:11,2019-05-12 16:56:11,,0,1,
480,481,123,432,,2019-05-12 16:56:20,2019-05-12 16:56:20,,0,0,
481,482,123,458,,2019-05-12 17:41:10,2019-05-12 17:41:10,,0,1,
482,483,123,470,,2019-05-13 01:06:36,2019-05-13 01:06:36,,0,1,
483,484,123,449,,2019-05-13 02:26:30,2019-05-13 02:26:30,,0,1,
484,485,123,442,,2019-05-13 03:20:23,2019-05-13 03:20:23,,0,1,
485,486,123,446,,2019-05-13 03:29:27,2019-05-13 03:29:27,,0,1,
486,487,123,148,,2019-05-13 06:01:58,2019-05-13 06:01:58,,0,1,
487,488,123,148,,2019-05-13 06:02:03,2019-05-13 06:02:03,,0,0,
488,489,123,445,,2019-05-13 06:11:26,2019-05-13 06:11:26,,0,1,
489,490,123,469,,2019-05-13 06:24:05,2019-05-13 06:24:05,,0,1,
490,491,123,448,,2019-05-13 06:24:36,2019-05-13 06:24:36,,0,1,
491,492,123,467,,2019-05-13 06:51:16,2019-05-13 06:51:16,,0,1,
492,493,124,444,,2019-05-18 14:23:57,2019-05-18 14:23:57,,0,1,
493,494,124,461,,2019-05-18 18:00:35,2019-05-18 18:00:35,,0,1,
494,495,124,461,,2019-05-18 18:00:55,2019-05-18 18:00:55,,0,0,
495,496,124,466,,2019-05-19 02:01:20,2019-05-19 02:01:20,,0,1,
496,497,124,466,,2019-05-19 02:05:05,2019-05-19 02:05:05,,0,0,
497,498,124,432,,2019-05-19 05:14:17,2019-05-19 05:14:17,,0,1,
498,499,124,432,,2019-05-19 05:14:27,2019-05-19 05:14:27,,0,0,
499,500,124,458,,2019-05-19 13:51:18,2019-05-19 13:51:18,,0,1,
500,501,124,464,,2019-05-19 18:08:32,2019-05-19 18:08:32,,0,1,
501,502,124,452,,2019-05-19 18:41:51,2019-05-19 18:41:51,,0,1,
502,503,124,191,,2019-05-20 00:18:56,2019-05-20 00:18:56,,0,1,
503,504,124,448,,2019-05-20 00:41:20,2019-05-20 00:41:20,,0,1,
504,505,124,442,,2019-05-20 00:51:59,2019-05-20 00:51:59,,0,1,
505,506,124,449,,2019-05-20 02:46:41,2019-05-20 02:46:41,,0,1,
506,507,124,445,,2019-05-20 03:28:19,2019-05-20 03:28:19,,0,1,
507,508,124,443,,2019-05-20 04:40:23,2019-05-20 04:40:23,,0,1,
508,509,124,447,,2019-05-20 05:10:20,2019-05-20 05:10:20,,0,1,
509,510,124,446,,2019-05-20 05:31:13,2019-05-20 05:31:13,,0,1,
510,511,124,470,,2019-05-20 05:41:33,2019-05-20 05:41:33,,0,1,
511,512,124,469,,2019-05-20 05:49:10,2019-05-20 05:49:10,,0,1,
512,513,124,441,,2019-05-20 05:55:33,2019-05-20 05:55:33,,0,1,
513,514,155,524,,2019-09-02 20:24:17,2019-09-02 20:24:17,,0,1,
514,515,155,522,,2019-09-03 15:52:49,2019-09-03 15:52:49,,0,1,
515,516,155,522,,2019-09-03 15:55:08,2019-09-03 15:55:08,,0,0,
516,517,155,525,,2019-09-03 17:08:26,2019-09-03 17:08:26,,0,1,
517,518,155,525,,2019-09-03 17:10:06,2019-09-03 17:10:06,,0,0,
518,519,155,520,,2019-09-03 18:11:24,2019-09-03 18:11:24,,0,1,
519,520,141,551,,2019-09-04 00:34:40,2019-09-04 00:34:40,,0,1,
520,521,141,543,,2019-09-04 17:38:15,2019-09-04 17:38:15,,0,1,
521,522,141,543,,2019-09-04 17:43:09,2019-09-04 17:43:09,,0,0,
522,523,141,540,,2019-09-04 22:16:12,2019-09-04 22:16:12,,0,1,
523,524,155,519,,2019-09-05 13:23:28,2019-09-05 13:23:28,,0,1,
524,525,155,529,,2019-09-05 16:41:22,2019-09-05 16:41:22,,0,1,
525,526,155,523,,2019-09-05 16:45:21,2019-09-05 16:45:21,,0,1,
526,527,155,516,,2019-09-05 16:50:17,2019-09-05 16:50:17,,0,1,
527,528,155,517,,2019-09-05 16:53:34,2019-09-05 16:53:34,,0,1,
528,529,155,514,,2019-09-05 16:53:39,2019-09-05 16:53:39,,0,1,
529,530,155,532,,2019-09-05 16:53:40,2019-09-05 16:53:40,,0,1,
530,531,155,518,,2019-09-05 16:54:41,2019-09-05 16:54:41,,0,1,
531,532,155,515,,2019-09-05 16:54:42,2019-09-05 16:54:42,,0,1,
532,533,155,515,,2019-09-05 16:55:02,2019-09-05 16:55:02,,0,0,
533,534,155,516,,2019-09-05 16:57:05,2019-09-05 16:57:05,,0,0,
534,535,155,524,,2019-09-05 16:59:28,2019-09-05 16:59:28,,0,0,
535,536,141,536,,2019-09-05 18:23:08,2019-09-05 18:23:08,,0,1,
536,537,141,538,,2019-09-05 18:26:06,2019-09-05 18:26:06,,0,1,
537,538,141,548,,2019-09-05 18:28:04,2019-09-05 18:28:04,,0,1,
538,539,141,542,,2019-09-05 18:28:07,2019-09-05 18:28:07,,0,1,
539,540,141,550,,2019-09-05 18:28:09,2019-09-05 18:28:09,,0,1,
540,541,141,544,,2019-09-05 18:28:11,2019-09-05 18:28:11,,0,1,
541,542,141,546,,2019-09-05 18:28:17,2019-09-05 18:28:17,,0,1,
542,543,141,549,,2019-09-05 18:28:17,2019-09-05 18:28:17,,0,1,
543,544,141,537,,2019-09-05 18:31:26,2019-09-05 18:31:26,,0,1,
544,545,141,545,,2019-09-05 18:31:41,2019-09-05 18:31:41,,0,1,
545,546,141,550,,2019-09-06 14:08:34,2019-09-06 14:08:34,,0,0,
546,547,141,540,,2019-09-06 21:48:34,2019-09-06 21:48:34,,0,0,
547,548,170,557,,2019-09-09 03:41:11,2019-09-09 03:41:11,,0,1,
548,549,170,557,,2019-09-09 03:42:27,2019-09-09 03:42:27,,0,0,
549,550,142,549,,2019-09-09 07:19:49,2019-09-09 07:19:49,,0,1,
550,551,170,555,,2019-09-09 13:00:00,2019-09-09 13:00:00,,0,1,
551,552,172,573,,2019-09-09 13:48:36,2019-09-09 13:48:36,,0,1,
552,553,156,519,,2019-09-09 14:05:43,2019-09-09 14:05:43,,0,1,
553,554,142,550,,2019-09-09 14:23:37,2019-09-09 14:23:37,,0,1,
554,555,142,550,,2019-09-09 14:27:00,2019-09-09 14:27:00,,0,0,
555,556,143,550,,2019-09-09 14:29:04,2019-09-09 14:29:04,,0,1,
556,557,157,519,,2019-09-09 14:29:39,2019-09-09 14:29:39,,0,1,
557,558,142,551,,2019-09-09 15:08:54,2019-10-30 17:05:46,,0,1,7.0
558,559,170,562,,2019-09-09 15:09:07,2019-09-09 15:09:07,,0,1,
559,560,170,566,,2019-09-09 15:13:19,2019-09-09 15:13:19,,0,1,
560,561,170,561,,2019-09-09 15:13:47,2019-09-09 15:13:47,,0,1,
561,562,170,558,,2019-09-09 15:13:53,2019-09-09 15:13:53,,0,1,
562,563,170,554,,2019-09-09 15:15:17,2019-09-09 15:15:17,,0,0,
563,564,170,554,,2019-09-09 15:15:33,2019-09-09 15:15:33,,0,1,
564,565,170,564,,2019-09-09 15:19:29,2019-09-09 15:19:29,,0,1,
565,566,157,529,,2019-09-09 15:23:18,2019-09-09 15:23:18,,0,1,
566,567,170,563,,2019-09-09 15:26:24,2019-09-09 15:26:24,,0,1,
567,568,170,552,,2019-09-09 15:28:10,2019-09-09 15:28:10,,0,1,
568,569,157,515,,2019-09-09 16:35:52,2019-09-09 16:35:52,,0,0,
569,570,156,515,,2019-09-09 16:36:21,2019-09-09 16:36:21,,0,0,
570,571,172,576,,2019-09-09 17:48:20,2019-09-09 17:48:20,,0,1,
571,572,143,550,,2019-09-09 18:16:27,2019-09-09 18:16:27,,0,0,
572,573,143,540,,2019-09-09 18:34:41,2019-09-09 18:34:41,,0,1,
573,574,142,540,,2019-09-09 18:35:45,2019-09-09 18:35:45,,0,1,
574,575,142,540,,2019-09-09 18:36:04,2019-09-09 18:36:04,,0,0,
575,576,142,551,,2019-09-09 18:55:14,2019-09-09 18:55:14,,0,0,
576,577,172,574,,2019-09-09 19:20:47,2019-09-09 19:20:47,,0,1,
577,578,156,514,,2019-09-09 19:24:44,2019-09-09 19:24:44,,0,1,
578,579,172,575,,2019-09-09 19:25:09,2019-09-09 19:25:09,,0,0,
579,580,172,575,,2019-09-09 19:30:57,2019-09-09 19:30:57,,0,1,
580,581,172,570,,2019-09-09 19:36:50,2019-09-09 19:36:50,,0,0,
581,582,156,514,,2019-09-09 20:01:29,2019-09-09 20:01:29,,0,0,
582,583,170,564,,2019-09-09 22:52:54,2019-09-09 22:52:54,,0,0,
583,584,157,529,,2019-09-09 23:22:30,2019-09-09 23:22:30,,0,0,
584,585,157,523,,2019-09-10 00:39:49,2019-09-10 00:39:49,,0,1,
585,586,143,544,,2019-09-10 01:02:00,2019-09-10 01:02:00,,0,1,
586,587,157,524,,2019-09-10 01:36:26,2019-09-10 01:36:26,,0,1,
587,588,142,538,,2019-09-10 01:58:29,2019-09-10 01:58:29,,0,0,
588,589,143,538,,2019-09-10 01:59:07,2019-09-10 01:59:07,,0,0,
589,590,156,523,,2019-09-10 12:29:51,2019-09-10 12:29:51,,0,0,
590,591,156,523,,2019-09-10 14:52:59,2019-09-10 14:52:59,,0,1,
591,592,156,529,,2019-09-10 15:05:44,2019-09-10 15:05:44,,0,1,
592,593,143,544,,2019-09-10 16:25:59,2019-09-10 16:25:59,,0,0,
593,594,142,544,,2019-09-10 16:29:51,2019-09-10 16:29:51,,0,1,
594,595,142,544,,2019-09-10 16:30:02,2019-09-10 16:30:02,,0,0,
595,596,156,525,,2019-09-10 16:44:29,2019-09-10 16:44:29,,0,0,
596,597,156,521,,2019-09-10 16:45:58,2019-09-10 16:45:58,,0,1,
597,598,156,520,,2019-09-10 16:51:57,2019-09-10 16:51:57,,0,1,
598,599,157,520,,2019-09-10 16:55:57,2019-09-10 16:55:57,,0,1,
599,600,157,518,,2019-09-10 17:00:35,2019-09-10 17:00:35,,0,1,
600,601,157,517,,2019-09-10 17:00:48,2019-09-10 17:00:48,,0,1,
601,602,156,524,,2019-09-10 17:01:00,2019-09-10 17:01:00,,0,1,
602,603,156,516,,2019-09-10 17:01:13,2019-09-10 17:01:13,,0,1,
603,604,142,537,,2019-09-10 18:34:19,2019-09-10 18:34:19,,0,1,
604,605,143,537,,2019-09-10 18:35:21,2019-09-10 18:35:21,,0,1,
605,606,142,541,,2019-09-10 18:35:57,2019-09-10 18:35:57,,0,1,
606,607,143,541,,2019-09-10 18:44:48,2019-09-10 18:44:48,,0,1,
607,608,143,548,,2019-09-10 18:57:22,2019-09-10 18:57:22,,0,1,
608,609,156,517,,2019-09-10 21:51:23,2019-09-10 21:51:23,,0,1,
609,610,142,545,,2019-09-10 23:58:08,2019-09-10 23:58:08,,0,1,
610,611,143,545,,2019-09-10 23:58:56,2019-09-10 23:58:56,,0,1,
611,612,156,532,,2019-09-11 01:20:14,2019-09-11 01:20:14,,0,1,
612,613,157,532,,2019-09-11 01:20:54,2019-09-11 01:20:54,,0,1,
613,614,172,567,,2019-09-11 19:56:03,2019-09-11 19:56:03,,0,1,
614,615,172,572,,2019-09-11 20:21:13,2019-09-11 20:21:13,,0,1,
615,616,143,540,,2019-09-11 20:23:28,2019-09-11 20:23:28,,0,0,
616,617,143,546,,2019-09-12 02:04:50,2019-09-12 02:04:50,,0,0,
617,618,143,546,,2019-09-12 02:05:11,2019-09-12 02:05:11,,0,1,
618,619,157,517,,2019-09-12 16:14:41,2019-09-12 16:14:41,,0,0,
619,620,157,530,,2019-09-12 16:47:38,2019-09-12 16:47:38,,0,1,
620,621,157,530,,2019-09-12 16:54:21,2019-09-12 16:54:21,,0,0,
621,622,143,549,,2019-09-12 19:12:05,2019-09-12 19:12:05,,0,1,
622,623,175,573,,2019-09-17 14:45:10,2019-09-17 14:45:10,,0,1,
623,624,175,574,,2019-09-17 17:24:17,2019-09-17 17:24:17,,0,1,
624,625,175,574,,2019-09-17 17:26:47,2019-09-17 17:26:47,,0,0,
625,626,143,551,,2019-09-17 18:27:44,2019-09-17 18:27:44,,0,1,
626,627,158,520,,2019-09-18 17:49:31,2019-09-18 17:49:31,,0,1,
627,628,144,550,,2019-09-18 17:55:05,2019-09-18 17:55:05,,0,1,
628,629,144,550,,2019-09-18 17:56:29,2019-09-18 17:56:29,,0,0,
629,630,175,576,,2019-09-18 19:18:33,2019-09-18 19:18:33,,0,0,
630,631,175,576,,2019-09-18 19:21:31,2019-09-18 19:21:31,,0,1,
631,632,175,570,,2019-09-18 19:25:44,2019-09-18 19:25:44,,0,0,
632,633,175,575,,2019-09-18 19:26:40,2019-09-18 19:26:40,,0,1,
633,634,175,572,,2019-09-18 19:27:59,2019-09-18 19:27:59,,0,1,
634,635,175,570,,2019-09-18 19:28:11,2019-09-18 19:28:11,,0,1,
635,636,175,572,,2019-09-18 19:28:32,2019-09-18 19:28:32,,0,0,
636,637,144,542,,2019-09-18 19:54:33,2019-09-18 19:54:33,,0,1,
637,638,144,538,,2019-09-18 19:56:13,2019-09-18 19:56:13,,0,1,
638,639,144,548,,2019-09-18 21:25:54,2019-09-18 21:25:54,,0,1,
639,640,158,518,,2019-09-18 22:38:02,2019-09-18 22:38:02,,0,1,
640,641,158,517,,2019-09-18 23:27:13,2019-09-18 23:27:13,,0,1,
641,642,158,517,,2019-09-19 00:33:58,2019-09-19 00:33:58,,0,0,
642,643,144,546,,2019-09-19 02:10:55,2019-09-19 02:10:55,,0,0,
643,644,144,546,,2019-09-19 02:12:02,2019-09-19 02:12:02,,0,1,
644,645,144,549,,2019-09-19 03:00:27,2019-09-19 03:00:27,,0,1,
645,646,158,524,,2019-09-19 03:13:59,2019-09-19 03:13:59,,0,1,
646,647,144,545,,2019-09-19 05:43:26,2019-09-19 05:43:26,,0,1,
647,648,158,515,,2019-09-19 13:44:27,2019-09-19 13:44:27,,0,1,
648,649,158,515,,2019-09-19 13:44:49,2019-09-19 13:44:49,,0,0,
649,650,144,540,,2019-09-19 17:30:25,2019-09-19 17:30:25,,0,1,
650,651,144,551,,2019-09-19 20:25:26,2019-09-19 20:25:26,,0,1,
651,652,145,550,,2019-09-23 01:41:19,2019-09-23 01:41:19,,0,1,
652,653,159,519,,2019-09-23 14:14:21,2019-09-23 14:14:21,,0,1,
653,654,145,543,,2019-09-23 17:26:01,2019-09-23 17:26:01,,0,0,
654,655,159,529,,2019-09-23 17:35:39,2019-09-23 17:35:39,,0,1,
655,656,159,523,,2019-09-23 17:35:39,2019-09-23 17:35:39,,0,1,
656,657,145,545,,2019-09-23 18:50:32,2019-09-23 18:50:32,,0,1,
657,658,145,542,,2019-09-23 20:10:32,2019-09-23 20:10:32,,0,1,
658,659,159,514,,2019-09-23 20:17:38,2019-09-23 20:17:38,,0,1,
659,660,159,514,,2019-09-23 20:18:01,2019-09-23 20:18:01,,0,0,
660,661,159,517,,2019-09-23 22:10:25,2019-09-23 22:10:25,,0,1,
661,662,145,536,,2019-09-24 00:33:03,2019-09-24 00:33:03,,0,1,
662,663,159,530,,2019-09-24 01:00:26,2019-09-24 01:00:26,,0,1,
663,664,145,546,,2019-09-24 02:20:45,2019-09-24 02:20:45,,0,0,
664,665,145,546,,2019-09-24 02:21:08,2019-09-24 02:21:08,,0,1,
665,666,145,538,,2019-09-24 02:53:22,2019-09-24 02:53:22,,0,1,
666,667,159,517,,2019-09-24 13:49:45,2019-09-24 13:49:45,,0,0,
667,668,159,515,,2019-09-24 16:26:01,2019-09-24 16:26:01,,0,1,
668,669,159,515,,2019-09-24 16:26:09,2019-09-24 16:26:09,,0,0,
669,670,145,549,,2019-09-24 17:48:40,2019-09-24 17:48:40,,0,1,
670,671,145,548,,2019-09-24 18:05:41,2019-09-24 18:05:41,,0,0,
671,672,145,548,,2019-09-24 18:11:41,2019-09-24 18:11:41,,0,1,
672,673,145,543,,2019-09-24 19:13:50,2019-09-24 19:13:50,,0,1,
673,674,146,541,,2019-09-25 13:56:45,2019-09-25 13:56:45,,0,1,
674,675,146,537,,2019-09-25 13:58:26,2019-09-25 13:58:26,,0,1,
675,676,146,545,,2019-09-25 14:59:20,2019-09-25 14:59:20,,0,1,
676,677,146,543,,2019-09-25 15:42:32,2019-09-25 15:42:32,,0,1,
677,678,146,542,,2019-09-25 19:59:09,2019-09-25 19:59:09,,0,1,
678,679,146,540,,2019-09-25 20:11:20,2019-09-25 20:11:20,,0,1,
679,680,146,551,,2019-09-25 20:19:04,2019-09-25 20:19:04,,0,1,
680,681,146,548,,2019-09-25 22:24:25,2019-09-25 22:24:25,,0,1,
681,682,146,548,,2019-09-25 22:35:06,2019-09-25 22:35:06,,0,0,
682,683,146,546,,2019-09-26 00:18:35,2019-09-26 00:18:35,,0,0,
683,684,146,546,,2019-09-26 00:20:27,2019-09-26 00:20:27,,0,1,
684,685,159,520,,2019-09-26 01:32:41,2019-09-26 01:32:41,,0,1,
685,686,146,538,,2019-09-26 02:29:09,2019-09-26 02:29:09,,0,1,
686,687,146,544,,2019-09-26 17:05:48,2019-09-26 17:05:48,,0,1,
687,688,146,550,,2019-09-26 17:16:12,2019-09-26 17:16:12,,0,1,
688,689,146,549,,2019-09-26 18:20:08,2019-09-26 18:20:08,,0,1,
689,690,146,536,,2019-09-26 18:23:02,2019-09-26 18:23:02,,0,1,
690,691,147,549,,2019-10-01 05:24:32,2019-10-01 05:24:32,,0,1,
691,692,147,551,,2019-10-01 16:29:52,2019-10-01 16:29:52,,0,1,
692,693,161,520,,2019-10-01 16:42:13,2019-10-01 16:42:13,,0,1,
693,694,147,536,,2019-10-01 18:22:07,2019-10-01 18:22:07,,0,1,
694,695,147,540,,2019-10-01 18:24:40,2019-10-01 18:24:40,,0,1,
695,696,147,545,,2019-10-01 18:50:23,2019-10-01 18:50:23,,0,1,
696,697,147,550,,2019-10-01 21:50:55,2019-10-01 21:50:55,,0,1,
697,698,147,541,,2019-10-01 23:09:59,2019-10-01 23:09:59,,0,1,
698,699,147,544,,2019-10-02 14:41:40,2019-10-02 14:41:40,,0,1,
699,700,182,558,,2019-10-02 15:05:18,2019-10-02 15:05:18,,0,1,
700,701,182,555,,2019-10-02 15:06:12,2019-10-02 15:06:12,,0,1,
701,702,182,558,,2019-10-02 15:06:40,2019-10-02 15:06:40,,0,0,
702,703,182,555,,2019-10-02 15:07:16,2019-10-02 15:07:16,,0,0,
703,704,182,562,,2019-10-02 15:08:43,2019-10-02 15:08:43,,0,1,
704,705,182,562,,2019-10-02 15:09:27,2019-10-02 15:09:27,,0,0,
705,706,182,564,,2019-10-02 15:13:09,2019-10-02 15:13:09,,0,1,
706,707,182,552,,2019-10-02 15:13:48,2019-10-02 15:13:48,,0,1,
707,708,182,552,,2019-10-02 15:15:39,2019-10-02 15:15:39,,0,0,
708,709,182,564,,2019-10-02 15:15:41,2019-10-02 15:15:41,,0,0,
709,710,182,554,,2019-10-02 15:16:18,2019-10-02 15:16:18,,0,0,
710,711,161,519,,2019-10-02 15:30:36,2019-10-02 15:30:36,,0,1,
711,712,147,543,,2019-10-02 17:23:44,2019-10-02 17:23:44,,0,1,
712,713,147,543,,2019-10-02 17:24:28,2019-10-02 17:24:28,,0,0,
713,714,147,548,,2019-10-02 21:30:45,2019-10-02 21:30:45,,0,1,
714,715,161,515,,2019-10-02 21:50:35,2019-10-02 21:50:35,,0,1,
715,716,161,515,,2019-10-02 21:50:52,2019-10-02 21:50:52,,0,0,
716,717,147,542,,2019-10-02 22:24:59,2019-10-02 22:24:59,,0,1,
717,718,161,517,,2019-10-03 00:01:33,2019-10-03 00:01:33,,0,1,
718,719,161,530,,2019-10-03 02:14:45,2019-10-03 02:14:45,,0,1,
719,720,161,529,,2019-10-03 13:52:48,2019-10-03 13:52:48,,0,1,
720,721,161,523,,2019-10-03 14:58:20,2019-10-03 14:58:20,,0,0,
721,722,161,521,,2019-10-03 15:16:53,2019-10-03 15:16:53,,0,0,
722,723,147,546,,2019-10-03 16:50:29,2019-10-03 16:50:29,,0,0,
723,724,147,546,,2019-10-03 16:52:21,2019-10-03 16:52:21,,0,1,
724,725,147,538,,2019-10-03 18:22:23,2019-10-03 18:22:23,,0,1,
725,726,182,557,,2019-10-04 02:49:23,2019-10-04 02:49:23,,0,1,
726,727,182,557,,2019-10-04 02:49:53,2019-10-04 02:49:53,,0,0,
727,728,182,566,,2019-10-04 05:40:59,2019-10-04 05:40:59,,0,1,
728,729,182,554,,2019-10-04 15:36:13,2019-10-04 15:36:13,,0,1,
729,730,148,538,,2019-10-15 16:38:49,2019-10-15 16:38:49,,0,1,
730,731,143,538,,2019-10-15 16:41:57,2019-10-15 16:41:57,,0,1,
731,732,148,542,,2019-10-15 23:19:30,2019-10-15 23:19:30,,0,1,
732,733,162,519,,2019-10-16 15:17:46,2019-10-16 15:17:46,,0,1,
733,734,162,523,,2019-10-16 18:06:48,2019-10-16 18:06:48,,0,0,
734,735,148,550,,2019-10-16 18:22:16,2019-10-16 18:22:16,,0,1,
735,736,148,545,,2019-10-16 18:29:11,2019-10-16 18:29:11,,0,1,
736,737,162,520,,2019-10-16 18:48:27,2019-10-16 18:48:27,,0,1,
737,738,162,529,,2019-10-17 02:54:56,2019-10-17 02:54:56,,0,0,
738,739,148,546,,2019-10-17 04:05:02,2019-10-17 04:05:02,,0,1,
739,740,148,546,,2019-10-17 04:05:54,2019-10-17 04:05:54,,0,0,
740,741,148,544,,2019-10-17 12:06:37,2019-10-17 12:06:37,,0,1,
741,742,148,543,,2019-10-17 15:02:21,2019-10-17 15:02:21,,0,1,
742,743,148,549,,2019-10-17 15:28:44,2019-10-17 15:28:44,,0,1,
743,744,148,541,,2019-10-17 16:28:03,2019-10-17 16:28:03,,0,1,
744,745,148,540,,2019-10-17 16:50:17,2019-10-17 16:50:17,,0,1,
745,746,148,548,,2019-10-17 18:06:59,2019-10-17 18:06:59,,0,1,
746,747,148,551,,2019-10-17 18:50:51,2019-10-17 18:50:51,,0,1,
747,748,177,573,,2019-10-19 23:06:25,2019-10-19 23:06:25,,0,0,
748,749,177,575,,2019-10-20 21:52:21,2019-10-20 21:52:21,,0,1,
749,750,163,529,,2019-10-21 12:14:57,2019-10-21 12:14:57,,0,0,
750,751,163,514,,2019-10-21 13:11:06,2019-10-21 13:11:06,,0,1,
751,752,177,573,,2019-10-21 13:13:16,2019-10-21 13:13:16,,0,1,
752,753,177,572,,2019-10-21 13:44:00,2019-10-21 13:44:00,,0,0,
753,754,149,550,,2019-10-21 15:26:44,2019-10-21 15:26:44,,0,1,
754,755,163,523,,2019-10-21 16:20:21,2019-10-21 16:20:21,,0,1,
755,756,163,523,,2019-10-21 16:20:28,2019-10-21 16:20:28,,0,0,
756,757,163,515,,2019-10-21 16:49:55,2019-10-21 16:49:55,,0,0,
757,758,163,515,,2019-10-21 16:50:40,2019-10-21 16:50:40,,0,1,
758,759,177,570,,2019-10-21 18:43:51,2019-10-21 18:43:51,,0,1,
759,760,149,545,,2019-10-21 18:59:16,2019-10-21 18:59:16,,0,1,
760,761,177,567,,2019-10-21 19:32:24,2019-10-21 19:32:24,,0,1,
761,762,149,548,,2019-10-21 20:41:02,2019-10-21 20:41:02,,0,1,
762,763,149,551,,2019-10-21 21:22:00,2019-10-21 21:22:00,,0,1,
763,764,149,542,,2019-10-21 22:20:01,2019-10-21 22:20:01,,0,1,
764,765,149,540,,2019-10-21 23:41:07,2019-10-21 23:41:07,,0,1,
765,766,149,543,,2019-10-22 15:07:43,2019-10-22 15:07:43,,0,1,
766,767,163,520,,2019-10-22 16:54:21,2019-10-22 16:54:21,,0,1,
767,768,149,549,,2019-10-22 17:04:27,2019-10-22 17:04:27,,0,1,
768,769,163,517,,2019-10-22 17:14:50,2019-10-22 17:14:50,,0,1,
769,770,149,544,,2019-10-22 17:45:16,2019-10-22 17:45:16,,0,1,
770,771,150,544,,2019-10-22 17:46:45,2019-10-22 17:46:45,,0,1,
771,772,149,538,,2019-10-23 00:12:43,2019-10-30 16:59:31,,0,1,8.0
772,773,164,515,,2019-10-23 01:41:01,2019-10-23 01:41:01,,0,1,
773,774,164,520,,2019-10-23 17:22:58,2019-10-23 17:22:58,,0,1,
774,775,150,548,,2019-10-23 22:06:31,2019-10-23 22:06:31,,0,1,
775,776,150,550,,2019-10-23 22:51:51,2019-10-23 22:51:51,,0,1,
776,777,150,540,,2019-10-23 23:59:52,2019-10-23 23:59:52,,0,1,
777,778,150,545,,2019-10-24 03:43:40,2019-10-24 03:43:40,,0,1,
778,779,150,543,,2019-10-24 15:02:29,2019-10-24 15:02:29,,0,1,
779,780,164,523,,2019-10-24 17:03:08,2019-10-24 17:03:08,,0,1,
780,781,164,523,,2019-10-24 17:03:15,2019-10-24 17:03:15,,0,0,
781,782,164,522,,2019-10-24 18:09:14,2019-10-24 18:09:14,,0,1,
782,783,150,549,,2019-10-24 18:11:29,2019-10-24 18:11:29,,0,1,
783,784,150,549,,2019-10-24 18:24:21,2019-10-24 18:24:21,,0,0,
784,785,150,551,,2019-10-24 18:49:29,2019-10-24 18:49:29,,0,1,
785,786,150,551,,2019-10-24 18:52:39,2019-10-24 18:52:39,,0,0,
786,787,186,553,,2019-10-24 20:59:30,2019-10-24 20:59:30,,0,1,
787,788,186,555,,2019-10-25 14:28:57,2019-10-28 22:29:16,,0,1,4.0
788,789,186,555,,2019-10-25 14:30:10,2019-10-25 14:30:10,,0,0,
789,790,186,566,,2019-10-25 14:49:59,2019-10-29 13:00:08,,0,1,7.0
790,791,186,557,,2019-10-25 15:08:26,2019-10-25 15:08:26,,0,1,
791,792,186,557,,2019-10-25 15:08:47,2019-10-25 15:08:47,,0,0,
792,793,186,558,,2019-10-25 15:09:04,2019-10-29 13:38:31,,0,1,6.0
793,794,186,558,,2019-10-25 15:09:19,2019-10-25 15:09:19,,0,0,
794,795,186,564,,2019-10-25 15:10:12,2019-10-29 13:37:36,,0,1,7.0
795,796,186,564,,2019-10-25 15:10:18,2019-10-25 15:10:18,,0,0,
796,797,186,554,,2019-10-25 15:12:53,2019-10-29 13:06:41,,0,1,7.0
797,798,186,562,,2019-10-25 15:13:39,2019-10-29 13:36:53,,0,1,10.0
798,799,186,562,,2019-10-25 15:13:50,2019-10-25 15:13:50,,0,0,
799,800,186,554,,2019-10-25 15:14:29,2019-10-25 15:14:29,,0,0,
800,801,186,561,,2019-10-25 15:15:10,2019-10-29 13:39:15,,0,1,1.0
801,802,186,563,,2019-10-25 15:27:03,2019-10-25 15:27:03,,0,0,
802,803,150,538,,2019-10-27 17:54:00,2019-10-30 17:01:57,,0,1,10.0
803,804,151,544,,2019-10-28 14:18:54,2019-10-30 17:15:29,,0,1,6.0
804,805,151,551,,2019-10-28 14:29:31,2019-10-30 17:04:31,,0,1,10.0
805,806,151,542,,2019-10-28 19:37:10,2019-10-30 16:58:30,,0,1,10.0
806,807,151,545,,2019-10-28 22:07:25,2019-10-30 17:03:47,,0,1,10.0
807,808,151,550,,2019-10-29 02:42:56,2019-10-30 17:06:44,,0,1,8.0
808,809,151,538,,2019-10-29 03:26:19,2019-10-30 17:03:00,,0,1,7.0
809,810,151,543,,2019-10-29 14:56:16,2019-10-30 14:30:22,,0,1,9.0
810,811,151,546,,2019-10-29 17:41:09,2019-10-30 14:28:16,,0,1,9.0
811,812,151,549,,2019-10-29 21:53:30,2019-10-29 21:53:30,,0,1,
812,813,166,515,,2019-11-03 23:37:56,2019-11-03 23:37:56,,0,0,
813,814,189,555,,2019-11-04 00:42:42,2019-11-05 04:55:25,,0,1,3.0
814,815,189,555,,2019-11-04 00:43:04,2019-11-04 00:43:04,,0,0,
815,816,152,551,,2019-11-04 01:03:49,2019-11-06 17:59:25,,0,1,10.0
816,817,166,523,,2019-11-04 04:36:39,2019-11-04 04:36:39,,0,0,
817,818,189,557,,2019-11-04 11:49:03,2019-11-05 04:57:16,,0,1,4.0
818,819,189,557,,2019-11-04 11:49:53,2019-11-04 11:49:53,,0,0,
819,820,189,566,,2019-11-04 15:43:23,2019-11-04 15:43:23,,0,1,
820,821,189,558,,2019-11-04 16:07:01,2019-11-05 05:01:08,,0,1,6.0
821,822,189,558,,2019-11-04 16:07:20,2019-11-04 16:07:20,,0,0,
822,823,189,562,,2019-11-04 16:13:01,2019-11-05 05:04:30,,0,1,8.0
823,824,189,562,,2019-11-04 16:13:07,2019-11-04 16:13:07,,0,0,
824,825,189,561,,2019-11-04 16:13:16,2019-11-05 05:03:05,,0,1,1.0
825,826,189,564,,2019-11-04 16:13:38,2019-11-05 04:58:49,,0,1,8.0
826,827,189,564,,2019-11-04 16:13:45,2019-11-04 16:13:45,,0,0,
827,828,189,553,,2019-11-04 16:16:11,2019-11-04 16:16:11,,0,1,
828,829,189,554,,2019-11-04 16:40:18,2019-11-04 16:40:18,,0,0,
829,830,152,550,,2019-11-04 17:16:29,2019-11-06 18:02:27,,0,1,8.0
830,831,166,515,,2019-11-04 22:51:56,2019-11-06 18:04:46,,0,1,8.0
831,832,152,540,,2019-11-05 00:12:58,2019-11-15 19:26:50,,0,1,6.0
832,833,151,540,,2019-11-05 00:14:17,2019-11-05 00:14:17,,0,1,
833,834,152,549,,2019-11-05 01:50:04,2019-11-05 01:50:04,,0,1,
834,835,152,538,,2019-11-05 02:23:10,2019-11-05 02:23:10,,0,1,
835,836,152,545,,2019-11-05 03:57:42,2019-11-06 18:01:09,,0,1,8.0
836,837,152,543,,2019-11-05 16:05:49,2019-11-08 20:40:26,,0,1,8.0
837,838,166,514,,2019-11-05 17:17:50,2019-11-06 18:03:10,,0,1,10.0
838,839,166,520,,2019-11-05 17:42:49,2019-11-08 20:58:35,,0,1,9.0
839,840,152,544,,2019-11-05 18:41:50,2019-11-05 18:41:50,,0,1,
840,841,152,546,,2019-11-05 18:41:52,2019-11-05 18:41:52,,0,1,
841,842,153,545,,2019-11-07 03:43:56,2019-11-08 20:50:50,,0,1,10.0
842,843,153,543,,2019-11-07 16:52:06,2019-11-08 20:38:59,,0,1,10.0
843,844,153,550,,2019-11-07 17:44:09,2019-11-13 13:39:29,,0,1,8.0
844,845,153,551,,2019-11-07 17:49:52,2019-11-08 20:43:31,,0,1,10.0
845,846,167,520,,2019-11-07 18:56:54,2019-11-08 20:52:41,,0,1,10.0
846,847,153,544,,2019-11-08 01:10:37,2019-11-08 01:10:37,,0,1,
847,848,153,540,,2019-11-13 14:41:50,2019-11-15 19:29:26,,0,1,9.0
848,849,167,525,,2019-11-14 18:50:57,2019-11-14 18:50:57,,0,1,
849,850,154,545,,2019-11-18 03:06:56,2019-11-21 03:35:27,,0,1,8.0
850,851,154,538,,2019-11-19 01:54:42,2019-11-21 03:29:45,,0,1,9.0
851,852,154,546,,2019-11-19 04:08:08,2019-11-21 03:32:56,,0,1,5.0
852,853,154,550,,2019-11-19 16:44:13,2019-11-21 03:33:59,,0,1,9.0
853,854,154,543,,2019-11-19 16:52:24,2019-11-21 03:31:10,,0,1,9.0
854,855,154,551,,2019-11-19 16:56:42,2019-11-21 03:28:31,,0,1,9.0
855,856,154,541,,2019-11-19 18:00:37,2019-11-19 18:00:37,,0,1,
856,857,154,544,,2019-11-19 18:48:10,2019-11-19 18:48:10,,0,1,
857,858,196,562,,2020-02-06 17:05:49,2020-02-07 18:19:34,,0,1,5.0
858,859,196,566,,2020-02-06 17:23:57,2020-02-07 18:10:20,,0,1,2.0
859,860,196,612,,2020-02-06 19:48:51,2020-02-07 19:03:11,,0,1,6.0
860,861,196,558,,2020-02-06 20:26:32,2020-02-07 18:17:12,,0,1,2.0
861,862,196,558,,2020-02-06 20:26:56,2020-02-06 20:26:56,,0,0,
862,863,196,606,,2020-02-06 22:23:03,2020-02-07 18:12:29,,0,1,7.0
863,864,196,605,,2020-02-06 23:45:40,2020-02-07 18:15:54,,0,1,5.0
864,865,196,605,,2020-02-06 23:46:33,2020-02-06 23:46:33,,0,0,
865,866,196,607,,2020-02-07 01:21:00,2020-02-07 18:14:43,,0,1,6.0
866,867,196,607,,2020-02-07 01:29:53,2020-02-07 01:29:53,,0,0,
867,868,196,611,,2020-02-07 03:28:25,2020-02-07 03:28:25,,0,0,
868,869,196,611,,2020-02-07 03:29:03,2020-02-07 19:02:15,,0,1,8.0
869,870,196,555,,2020-02-07 11:44:14,2020-02-07 18:18:21,,0,1,5.0
870,871,196,555,,2020-02-07 12:04:59,2020-02-07 12:04:59,,0,0,
871,872,196,562,,2020-02-07 16:40:10,2020-02-07 16:40:10,,0,0,
872,873,196,561,,2020-02-07 16:40:39,2020-02-07 16:40:39,,0,0,
873,874,196,610,,2020-02-07 16:40:42,2020-02-07 16:40:42,,0,1,
874,875,196,566,,2020-02-07 16:40:48,2020-02-07 16:40:48,,0,0,
875,876,196,610,,2020-02-07 16:40:50,2020-02-07 16:40:50,,0,0,
876,877,196,606,,2020-02-07 16:42:07,2020-02-07 16:42:07,,0,0,
877,878,196,608,,2020-02-07 16:42:52,2020-02-07 16:42:52,,0,0,
878,879,196,612,,2020-02-07 16:50:32,2020-02-07 16:50:32,,0,0,
879,880,197,610,,2020-02-10 04:50:34,2020-02-10 04:50:34,,0,1,
880,881,197,610,,2020-02-10 04:50:46,2020-02-10 04:50:46,,0,0,
881,882,197,555,,2020-02-10 13:06:30,2020-02-10 18:10:14,,0,1,4.0
882,883,197,555,,2020-02-10 13:06:55,2020-02-10 13:06:55,,0,0,
883,884,197,562,,2020-02-10 15:08:21,2020-02-10 18:06:44,,0,1,6.0
884,885,197,562,,2020-02-10 15:13:15,2020-02-10 15:13:15,,0,0,
885,886,197,566,,2020-02-10 16:21:12,2020-02-10 16:21:12,,0,1,
886,887,197,558,,2020-02-10 16:22:37,2020-02-10 16:22:37,,0,1,
887,888,197,606,,2020-02-10 16:22:39,2020-02-10 16:22:39,,0,1,
888,889,197,612,,2020-02-10 16:24:30,2020-02-10 16:24:30,,0,1,
889,890,197,607,,2020-02-10 19:43:14,2020-02-10 19:43:14,,0,1,
890,891,199,612,,2020-02-13 17:14:05,2020-02-14 17:54:45,,0,1,4.0
891,892,199,558,,2020-02-13 19:13:19,2020-02-14 18:01:54,,0,1,6.0
892,893,199,558,,2020-02-13 19:14:01,2020-02-13 19:14:01,,0,0,
893,894,199,555,,2020-02-13 20:07:57,2020-02-14 17:58:50,,0,1,5.0
894,895,199,555,,2020-02-13 20:08:21,2020-02-13 20:08:21,,0,0,
895,896,199,606,,2020-02-14 02:49:41,2020-02-14 17:57:40,,0,1,8.0
896,897,199,610,,2020-02-14 03:39:53,2020-02-14 03:39:53,,0,1,
897,898,199,610,,2020-02-14 03:40:13,2020-02-14 03:40:13,,0,0,
898,899,199,562,,2020-02-14 12:47:36,2020-02-14 17:56:39,,0,1,7.0
899,900,199,607,,2020-02-14 13:31:30,2020-02-14 17:55:46,,0,1,6.0
900,901,199,611,,2020-02-14 14:13:03,2020-04-01 13:50:26,,0,1,8.0
901,902,199,611,,2020-02-14 14:15:33,2020-02-14 14:15:33,,0,0,
902,903,199,605,,2020-02-14 14:58:55,2020-02-14 14:58:55,,0,0,
903,904,199,605,,2020-02-14 14:59:18,2020-02-14 18:00:55,,0,1,4.0
904,905,199,561,,2020-02-14 16:09:01,2020-02-14 17:59:58,,0,1,3.0
905,906,199,562,,2020-02-14 16:19:09,2020-02-14 16:19:09,,0,0,
906,907,199,566,,2020-02-14 23:48:08,2020-02-14 23:48:08,,0,1,
907,908,200,607,,2020-02-17 19:49:46,2020-02-17 19:49:46,,0,1,
908,909,200,555,,2020-02-17 23:39:50,2020-02-26 18:10:33,,0,1,3.0
909,910,200,555,,2020-02-17 23:40:17,2020-02-17 23:40:17,,0,0,
910,911,200,612,,2020-02-18 16:43:15,2020-02-19 18:19:55,,0,1,7.0
911,912,200,558,,2020-02-18 17:42:55,2020-02-19 18:23:26,,0,1,7.0
912,913,200,558,,2020-02-18 17:43:01,2020-02-18 17:43:01,,0,0,
913,914,200,606,,2020-02-18 22:05:32,2020-02-19 18:22:18,,0,1,6.0
914,915,200,606,,2020-02-18 22:07:44,2020-02-18 22:07:44,,0,0,
915,916,200,605,,2020-02-19 00:59:04,2020-02-19 18:24:33,,0,1,6.0
916,917,200,605,,2020-02-19 00:59:45,2020-02-19 00:59:45,,0,0,
917,918,200,562,,2020-02-19 01:49:13,2020-02-19 18:25:29,,0,1,7.0
918,919,200,566,,2020-02-19 04:59:04,2020-02-19 04:59:04,,0,1,
919,920,200,566,,2020-02-19 04:59:42,2020-02-19 04:59:42,,0,0,
920,921,200,611,,2020-02-19 15:00:49,2020-02-19 18:20:53,,0,1,8.0
921,922,200,611,,2020-02-19 15:01:29,2020-02-19 15:01:29,,0,0,
922,923,200,562,,2020-02-19 16:13:37,2020-02-19 16:13:37,,0,0,
923,924,200,610,,2020-02-19 16:14:03,2020-02-19 16:14:03,,0,1,
924,925,200,610,,2020-02-19 16:14:17,2020-02-19 16:14:17,,0,0,
925,926,200,612,,2020-02-19 16:15:05,2020-02-19 16:15:05,,0,0,
926,927,201,606,,2020-02-25 22:29:36,2020-03-03 17:15:15,,0,1,8.0
927,928,201,558,,2020-02-26 01:08:44,2020-02-26 18:04:45,,0,1,4.0
928,929,201,558,,2020-02-26 01:08:49,2020-02-26 01:08:49,,0,0,
929,930,201,605,,2020-02-26 02:13:43,2020-02-26 02:13:43,,0,0,
930,931,201,605,,2020-02-26 02:14:23,2020-02-26 18:06:18,,0,1,5.0
931,932,201,566,,2020-02-26 02:59:19,2020-02-26 18:02:46,,0,1,4.0
932,933,201,610,,2020-02-26 05:25:06,2020-02-26 18:00:10,,0,1,7.0
933,934,201,610,,2020-02-26 05:25:52,2020-02-26 05:25:52,,0,0,
934,935,201,555,,2020-02-26 12:18:02,2020-02-26 18:08:45,,0,1,5.0
935,936,201,555,,2020-02-26 12:18:18,2020-02-26 12:18:18,,0,0,
936,937,201,562,,2020-02-26 15:08:09,2020-02-26 18:20:03,,0,1,8.0
937,938,201,562,,2020-02-26 15:08:16,2020-02-26 15:08:16,,0,0,
938,939,201,611,,2020-02-26 15:12:44,2020-02-26 18:11:59,,0,1,5.0
939,940,201,611,,2020-02-26 15:16:33,2020-02-26 15:16:33,,0,0,
940,941,201,612,,2020-02-26 16:12:47,2020-02-26 18:18:48,,0,1,3.0
941,942,201,561,,2020-02-26 16:13:06,2020-02-26 18:13:20,,0,1,3.0
942,943,201,612,,2020-02-26 16:13:11,2020-02-26 16:13:11,,0,0,
943,944,202,606,,2020-03-01 20:11:49,2020-03-03 17:14:19,,0,1,8.0
944,945,202,606,,2020-03-01 20:15:11,2020-03-01 20:15:11,,0,0,
945,946,202,555,,2020-03-01 20:20:42,2020-03-03 17:18:32,,0,1,7.0
946,947,202,555,,2020-03-01 20:20:58,2020-03-01 20:20:58,,0,0,
947,948,202,558,,2020-03-01 21:20:54,2020-03-03 17:20:41,,0,1,5.0
948,949,202,558,,2020-03-01 21:21:11,2020-03-01 21:21:11,,0,0,
949,950,202,612,,2020-03-01 22:48:00,2020-03-03 17:13:22,,0,1,7.0
950,951,202,612,,2020-03-01 23:50:45,2020-03-01 23:50:45,,0,0,
951,952,202,605,,2020-03-02 00:27:30,2020-03-03 17:19:36,,0,1,7.0
952,953,202,605,,2020-03-02 00:27:50,2020-03-02 00:27:50,,0,0,
953,954,202,566,,2020-03-02 04:43:43,2020-03-03 17:16:21,,0,1,1.0
954,955,202,562,,2020-03-02 13:03:25,2020-03-03 17:17:01,,0,1,10.0
955,956,202,562,,2020-03-02 13:03:36,2020-03-02 13:03:36,,0,0,
956,957,202,607,,2020-03-02 15:24:31,2020-03-03 17:17:43,,0,1,10.0
957,958,202,611,,2020-03-02 15:59:31,2020-03-02 15:59:31,,0,1,
958,959,202,561,,2020-03-02 16:11:34,2020-03-03 17:21:42,,0,1,2.0
959,960,202,610,,2020-03-02 16:25:45,2020-03-02 16:25:45,,0,1,
960,961,202,610,,2020-03-02 16:25:52,2020-03-02 16:25:52,,0,0,
961,962,203,606,,2020-03-05 17:49:48,2020-03-07 19:44:42,,0,1,8.0
962,963,203,606,,2020-03-05 17:50:32,2020-03-05 17:50:32,,0,0,
963,964,203,610,,2020-03-06 06:33:50,2020-03-07 19:40:42,,0,1,4.0
964,965,203,555,,2020-03-06 12:03:11,2020-03-07 19:47:13,,0,1,2.0
965,966,203,555,,2020-03-06 12:03:22,2020-03-06 12:03:22,,0,0,
966,967,203,607,,2020-03-06 13:31:06,2020-03-07 19:49:03,,0,1,10.0
967,968,203,611,,2020-03-06 13:32:40,2020-03-06 13:32:40,,0,1,
968,969,203,562,,2020-03-06 15:03:39,2020-03-07 19:50:21,,0,1,6.0
969,970,203,562,,2020-03-06 15:03:48,2020-03-06 15:03:48,,0,0,
970,971,203,566,,2020-03-06 16:03:52,2020-03-07 19:43:16,,0,1,1.0
971,972,203,610,,2020-03-06 16:21:19,2020-03-06 16:21:19,,0,0,
972,973,203,612,,2020-03-06 16:21:51,2020-03-06 16:21:51,,0,1,
973,974,204,610,,2020-03-09 01:53:36,2020-03-11 15:03:49,,0,1,6.0
974,975,204,610,,2020-03-09 01:57:15,2020-03-09 01:57:15,,0,0,
975,976,204,607,,2020-03-09 13:12:58,2020-03-11 15:06:23,,0,1,6.0
976,977,204,562,,2020-03-09 14:00:46,2020-03-11 15:01:43,,0,1,7.0
977,978,204,562,,2020-03-09 14:00:51,2020-03-09 14:00:51,,0,0,
978,979,204,611,,2020-03-09 14:07:26,2020-03-11 15:08:08,,0,1,6.0
979,980,204,611,,2020-03-09 14:09:31,2020-03-09 14:09:31,,0,0,
980,981,204,566,,2020-03-09 15:17:37,2020-03-09 15:17:37,,0,1,
981,982,204,612,,2020-03-09 15:21:20,2020-03-09 15:21:20,,0,1,
982,983,204,606,,2020-03-10 02:15:52,2020-03-10 02:15:52,,0,1,
983,984,205,611,,2020-03-25 14:35:56,2020-04-01 14:02:46,,0,1,6.0
984,985,205,562,,2020-03-25 15:10:00,2020-04-02 12:27:56,,0,1,8.0
985,986,205,607,,2020-03-25 15:30:08,2020-03-25 15:30:08,,0,1,
986,987,205,612,,2020-03-25 15:31:19,2020-04-02 12:54:52,,0,1,9.0
987,988,205,561,,2020-03-25 15:37:36,2020-04-02 12:50:10,,0,1,6.0
988,989,205,566,,2020-03-25 16:12:09,2020-03-25 16:12:09,,0,1,
989,990,205,606,,2020-03-25 16:12:26,2020-04-02 12:57:01,,0,1,10.0
990,991,205,558,,2020-03-25 17:24:33,2020-04-20 04:54:33,,0,1,6.0
991,992,205,558,,2020-03-25 17:24:50,2020-03-25 17:24:50,,0,0,
992,993,205,605,,2020-03-25 19:15:27,2020-03-25 19:15:27,,0,0,
993,994,205,605,,2020-03-25 19:15:40,2020-04-02 12:34:19,,0,1,8.0
994,995,205,555,,2020-03-25 21:04:42,2020-04-02 12:45:27,,0,1,6.0
995,996,205,606,,2020-03-26 02:57:16,2020-03-26 02:57:16,,0,0,
996,997,206,566,,2020-03-29 20:42:04,2020-03-29 20:42:04,,0,1,
997,998,206,561,,2020-03-29 22:55:11,2020-04-02 13:01:44,,0,1,4.0
998,999,206,612,,2020-03-30 00:41:26,2020-04-20 04:51:27,,0,1,6.0
999,1000,206,605,,2020-03-30 00:55:13,2020-04-02 13:04:38,,0,1,7.0
1000,1001,206,610,,2020-03-30 04:31:07,2020-03-30 04:31:07,,0,1,
1001,1002,206,555,,2020-03-30 12:47:54,2020-04-02 13:08:58,,0,1,3.0
1002,1003,206,562,,2020-03-30 15:10:21,2020-04-02 12:23:42,,0,1,8.0
1003,1004,206,607,,2020-03-30 15:24:14,2020-03-30 15:24:14,,0,1,
1004,1005,206,606,,2020-03-30 22:36:15,2020-04-02 12:19:27,,0,1,10.0
1005,1006,206,610,,2020-03-31 12:27:52,2020-03-31 12:27:52,,0,0,
1006,1007,207,558,,2020-04-05 21:58:59,2020-04-20 04:56:59,,0,1,10.0
1007,1008,207,558,,2020-04-05 21:59:21,2020-04-05 21:59:21,,0,0,
1008,1009,207,555,,2020-04-06 13:13:35,2020-04-20 04:59:47,,0,1,7.0
1009,1010,207,562,,2020-04-06 15:41:20,2020-04-20 05:01:56,,0,1,7.0
1010,1011,207,612,,2020-04-06 16:41:27,2020-04-20 04:49:23,,0,1,7.0
1011,1012,207,606,,2020-04-06 19:08:09,2020-04-20 04:42:39,,0,1,8.0
1012,1013,207,566,,2020-04-07 02:38:06,2020-04-20 04:47:08,,0,1,8.0
1013,1014,207,610,,2020-04-07 03:46:48,2020-04-07 03:46:48,,0,1,
1014,1015,207,610,,2020-04-07 03:47:08,2020-04-07 03:47:08,,0,0,
1015,1016,207,611,,2020-04-07 03:52:18,2020-04-07 03:52:18,,0,1,
1016,1017,208,606,,2020-04-16 19:53:01,2020-04-16 19:53:01,,0,1,
1017,1018,208,555,,2020-04-17 13:51:36,2020-04-17 13:51:36,,0,1,
1018,1019,208,612,,2020-04-17 15:12:41,2020-04-20 04:35:29,,0,1,10.0
1019,1020,208,562,,2020-04-17 15:22:17,2020-04-20 04:38:56,,0,1,6.0
1020,1021,208,566,,2020-04-18 00:41:50,2020-04-18 00:41:50,,0,1,
1021,1022,209,605,,2020-08-30 17:00:35,2020-09-22 20:48:09,,0,1,3.0
1022,1023,209,605,,2020-08-30 17:00:53,2020-08-30 17:00:53,,0,0,
1023,1024,209,606,,2020-08-30 17:10:45,2020-09-22 22:56:56,,0,1,8.0
1024,1025,209,606,,2020-08-30 18:16:44,2020-08-30 18:16:44,,0,0,
1025,1026,209,650,,2020-08-30 20:17:55,2020-08-30 20:17:55,,0,1,
1026,1027,209,558,,2020-08-30 20:37:39,2020-09-22 20:47:25,,0,1,4.0
1027,1028,209,558,,2020-08-30 20:37:54,2020-08-30 20:37:54,,0,0,
1028,1029,209,650,,2020-08-30 21:06:47,2020-08-30 21:06:47,,0,0,
1029,1030,209,610,,2020-08-31 03:55:31,2020-08-31 03:55:31,,0,1,
1030,1031,209,610,,2020-08-31 03:55:45,2020-08-31 03:55:45,,0,0,
1031,1032,209,566,,2020-08-31 04:00:03,2020-09-22 21:13:11,,0,1,8.0
1032,1033,209,612,,2020-08-31 04:00:32,2020-09-22 22:59:17,,0,1,2.0
1033,1034,209,555,,2020-08-31 12:57:54,2020-08-31 12:57:54,,0,0,
1034,1035,209,555,,2020-08-31 12:58:03,2020-08-31 12:58:03,,0,1,
1035,1036,209,647,,2020-08-31 13:02:54,2020-08-31 13:02:54,,0,1,
1036,1037,209,652,,2020-08-31 13:36:17,2020-08-31 13:36:17,,0,1,
1037,1038,209,646,,2020-08-31 13:37:43,2020-09-22 21:37:19,,0,1,4.0
1038,1039,209,575,,2020-08-31 21:48:02,2020-09-22 21:15:25,,0,1,7.0
1039,1040,210,650,,2020-09-07 04:12:47,2020-09-07 04:12:47,,0,1,
1040,1041,210,558,,2020-09-07 18:35:15,2020-09-07 18:35:15,,0,1,
1041,1042,210,558,,2020-09-07 18:35:30,2020-09-07 18:35:30,,0,0,
1042,1043,210,606,,2020-09-07 18:42:47,2020-09-22 20:27:10,,0,1,5.0
1043,1044,210,646,,2020-09-07 20:01:46,2020-09-22 21:39:24,,0,1,4.0
1044,1045,210,575,,2020-09-07 21:25:35,2020-09-22 22:42:14,,0,1,9.0
1045,1046,210,647,,2020-09-07 22:25:11,2020-09-07 22:25:11,,0,1,
1046,1047,210,652,,2020-09-08 00:27:48,2020-09-08 00:27:48,,0,1,
1047,1048,210,605,,2020-09-08 00:34:07,2020-09-08 00:34:07,,0,1,
1048,1049,210,605,,2020-09-08 00:34:17,2020-09-08 00:34:17,,0,0,
1049,1050,212,647,,2020-09-14 04:52:46,2020-09-14 04:52:46,,0,1,
1050,1051,212,575,,2020-09-14 05:12:09,2020-09-14 05:12:09,,0,1,
1051,1052,212,555,,2020-09-14 12:59:36,2020-09-22 22:45:58,,0,1,5.0
1052,1053,210,555,,2020-09-14 13:00:31,2020-09-22 22:43:50,,0,1,5.0
1053,1054,212,566,,2020-09-14 14:16:08,2020-09-22 22:50:19,,0,1,7.0
1054,1055,212,606,,2020-09-14 23:51:21,2020-09-22 20:20:56,,0,1,8.0
1055,1056,212,646,,2020-09-15 00:43:11,2020-09-22 22:48:13,,0,1,6.0
1056,1057,212,610,,2020-09-15 03:08:21,2020-09-15 03:08:21,,0,1,
1057,1058,212,610,,2020-09-15 03:08:46,2020-09-15 03:08:46,,0,0,
1058,1059,213,647,,2020-09-23 13:33:39,2020-09-23 13:33:39,,0,1,
1059,1060,213,652,,2020-09-23 13:35:31,2020-09-23 13:35:31,,0,1,
1060,1061,213,605,,2020-09-23 21:22:10,2020-09-23 21:22:10,,0,1,
1061,1062,213,605,,2020-09-23 21:22:25,2020-09-23 21:22:25,,0,0,
1062,1063,213,561,,2020-09-24 20:15:35,2020-09-24 20:15:35,,0,0,
1063,1064,213,561,,2020-09-24 20:15:59,2020-09-24 20:15:59,,0,1,
1064,1065,213,575,,2020-09-24 21:13:06,2020-10-29 00:18:38,,0,1,9.0
1065,1066,213,555,,2020-09-25 12:56:48,2020-09-25 12:56:48,,0,1,
1066,1067,213,612,,2020-09-25 17:19:28,2020-10-29 00:16:50,,0,1,6.0
1067,1068,213,646,,2020-09-25 23:09:13,2020-09-25 23:09:13,,0,1,
1068,1069,213,606,,2020-09-25 23:29:05,2020-09-25 23:29:05,,0,1,
1069,1070,213,610,,2020-09-26 03:43:13,2020-09-26 03:43:13,,0,1,
1070,1071,213,610,,2020-09-26 03:44:06,2020-09-26 03:44:06,,0,0,
1071,1072,214,646,,2020-10-15 20:41:15,2020-10-29 02:16:37,,0,1,4.0
1072,1073,214,561,,2020-10-16 00:37:53,2020-10-29 02:21:08,,0,1,1.0
1073,1074,214,575,,2020-10-16 03:46:35,2020-10-29 02:12:27,,0,1,8.0
1074,1075,214,555,,2020-10-16 12:56:09,2020-10-29 02:09:35,,0,1,6.0
1075,1076,214,612,,2020-10-16 13:02:22,2020-10-16 13:02:22,,0,1,
1076,1077,214,558,,2020-10-17 00:17:16,2020-10-29 02:10:28,,0,1,9.0
1077,1078,214,558,,2020-10-17 00:17:49,2020-10-17 00:17:49,,0,0,
1078,1079,214,606,,2020-10-17 16:23:09,2020-10-17 16:23:09,,0,1,
1079,1080,214,610,,2020-10-17 21:05:59,2020-10-17 21:05:59,,0,1,
1080,1081,215,606,,2020-10-19 13:41:53,2020-10-19 13:41:53,,0,1,
1081,1082,215,610,,2020-10-19 17:30:38,2020-10-19 17:30:38,,0,1,
1082,1083,215,610,,2020-10-19 17:31:01,2020-10-19 17:31:01,,0,0,
1083,1084,215,566,,2020-10-20 01:53:47,2020-10-29 02:19:36,,0,1,6.0
1084,1085,215,555,,2020-10-22 09:44:06,2020-10-28 20:21:30,,0,1,7.0
1085,1086,215,646,,2020-10-22 13:36:05,2020-10-28 20:16:46,,0,1,1.0
1086,1087,215,612,,2020-10-22 21:29:43,2020-10-28 20:15:06,,0,1,8.0
1087,1088,215,605,,2020-10-23 02:26:59,2020-10-28 20:13:22,,0,1,6.0
1088,1089,215,605,,2020-10-23 02:27:06,2020-10-23 02:27:06,,0,0,
1089,1090,215,558,,2020-10-23 12:47:40,2020-10-28 20:09:30,,0,1,7.0
1090,1091,215,575,,2020-10-23 17:51:21,2020-10-28 20:08:17,,0,1,7.0
1091,1092,216,555,,2020-10-28 13:08:20,2020-10-28 20:05:47,,0,1,7.0
1092,1093,216,612,,2020-10-29 00:33:16,2020-11-11 03:19:09,,0,1,7.0
1093,1094,216,566,,2020-10-30 03:41:19,2020-11-11 03:20:26,,0,1,6.0
1094,1095,216,647,,2020-10-30 12:58:37,2020-10-30 12:58:37,,0,1,
1095,1096,216,652,,2020-10-30 13:34:00,2020-10-30 13:34:00,,0,1,
1096,1097,216,575,,2020-10-30 15:21:42,2020-11-11 03:07:13,,0,1,9.0
1097,1098,216,646,,2020-10-30 16:23:40,2020-11-11 03:21:34,,0,1,7.0
1098,1099,216,558,,2020-10-30 16:45:50,2020-10-30 16:45:50,,0,1,
1099,1100,216,610,,2020-10-31 03:26:49,2020-10-31 03:26:49,,0,1,
1100,1101,216,610,,2020-10-31 03:26:56,2020-10-31 03:26:56,,0,0,
1101,1102,216,606,,2020-11-02 01:48:30,2020-11-02 01:48:30,,0,1,
1102,1103,236,562,,2021-02-08 17:32:02,2021-02-21 19:36:37,,0,1,10.0
1103,1104,236,610,,2021-02-08 17:33:11,2021-02-08 17:33:11,,0,1,
1104,1105,236,606,,2021-02-08 20:32:04,2021-02-08 20:32:04,,0,1,
1105,1106,236,610,,2021-02-08 21:01:46,2021-02-08 21:01:46,,0,0,
1106,1107,236,659,,2021-02-08 23:04:12,2021-02-08 23:04:12,,0,1,
1107,1108,236,555,,2021-02-11 01:29:05,2021-02-21 21:39:27,,0,1,5.0
1108,1109,236,605,,2021-02-11 03:43:43,2021-02-21 19:33:40,,0,1,4.0
1109,1110,236,612,,2021-02-11 16:28:41,2021-02-21 19:22:57,,0,1,6.0
1110,1111,236,561,,2021-02-12 02:05:55,2021-02-21 19:18:45,,0,1,4.0
1111,1112,236,566,,2021-02-12 03:00:47,2021-02-21 19:16:56,,0,1,5.0
1112,1113,236,558,,2021-02-12 15:59:09,2021-02-21 22:37:57,,0,1,5.0
1113,1114,218,654,,2021-02-15 13:13:33,2021-02-15 13:13:33,,0,1,
1114,1115,237,562,,2021-02-15 17:14:33,2021-02-21 22:22:42,,0,1,8.0
1115,1116,218,606,,2021-02-15 23:24:46,2021-02-15 23:24:46,,0,1,
1116,1117,237,606,,2021-02-15 23:25:17,2021-02-15 23:25:17,,0,1,
1117,1118,218,730,,2021-02-17 22:36:59,2021-02-17 22:36:59,,0,1,
1118,1119,218,555,,2021-02-19 04:13:27,2021-02-21 21:43:04,,0,1,6.0
1119,1120,237,555,,2021-02-19 04:23:11,2021-02-21 21:41:12,,0,1,4.0
1120,1121,237,566,,2021-02-19 04:50:57,2021-02-19 04:50:57,,0,1,
1121,1122,218,566,,2021-02-19 04:51:08,2021-02-19 04:51:08,,0,1,
1122,1123,218,575,,2021-02-19 20:17:38,2021-02-21 20:15:37,,0,1,9.0
1123,1124,237,575,,2021-02-19 20:51:29,2021-02-21 19:59:17,,0,1,8.0
1124,1125,237,561,,2021-02-19 21:47:17,2021-02-21 21:34:24,,0,1,1.0
1125,1126,218,561,,2021-02-19 21:57:21,2021-02-21 20:37:07,,0,1,0.0
1126,1127,218,671,,2021-02-21 01:02:13,2021-02-21 01:02:13,,0,1,
1127,1128,218,671,,2021-02-21 01:10:19,2021-02-21 01:10:19,,0,0,
1128,1129,218,610,,2021-02-21 01:25:48,2021-02-21 01:25:48,,0,1,
1129,1130,218,610,,2021-02-21 01:26:52,2021-02-21 01:26:52,,0,0,
1130,1131,237,610,,2021-02-21 01:28:21,2021-02-21 01:28:21,,0,1,
1131,1132,237,610,,2021-02-21 01:28:51,2021-02-21 01:28:51,,0,0,
1132,1133,237,612,,2021-02-21 02:40:28,2021-02-21 20:23:19,,0,1,6.0
1133,1134,218,612,,2021-02-21 04:28:44,2021-02-21 18:46:20,,0,1,5.0
1134,1135,228,554,,2021-02-22 14:03:50,2021-02-22 14:03:50,,0,0,
1135,1136,228,732,,2021-02-22 14:09:12,2021-02-27 17:27:06,,0,1,10.0
1136,1137,228,732,,2021-02-22 14:10:22,2021-02-22 14:10:22,,0,0,
1137,1138,219,654,,2021-02-22 16:06:01,2021-02-22 16:06:01,,0,1,
1138,1139,219,654,,2021-02-22 16:06:44,2021-02-22 16:06:44,,0,0,
1139,1140,219,730,,2021-02-23 22:18:57,2021-02-23 22:18:57,,0,0,
1140,1141,219,555,,2021-02-24 13:25:28,2021-02-27 17:21:10,,0,1,5.0
1141,1142,219,606,,2021-02-24 20:47:55,2021-02-24 20:47:55,,0,1,
1142,1143,219,566,,2021-02-26 16:27:57,2021-02-27 17:23:05,,0,1,7.0
1143,1144,219,605,,2021-02-27 01:44:01,2021-02-27 01:44:01,,0,1,
1144,1145,219,612,,2021-02-27 04:27:23,2021-05-13 13:52:02,,0,1,8.0
1145,1146,228,575,,2021-02-27 21:00:15,2021-02-27 21:00:15,,0,1,
1146,1147,219,558,,2021-02-27 21:58:36,2021-02-27 21:58:36,,0,1,
1147,1148,228,734,,2021-02-27 22:10:59,2021-03-25 17:03:56,,0,1,2.0
1148,1149,228,734,,2021-02-27 22:11:12,2021-02-27 22:11:12,,0,0,
1149,1150,219,575,,2021-02-27 22:23:00,2021-02-27 22:23:00,,0,1,
1150,1151,228,671,,2021-02-28 01:17:51,2021-02-28 01:17:51,,0,1,
1151,1152,228,671,,2021-02-28 01:18:25,2021-02-28 01:18:25,,0,0,
1152,1153,219,671,,2021-02-28 01:20:49,2021-02-28 01:20:49,,0,1,
1153,1154,219,671,,2021-02-28 02:05:12,2021-02-28 02:05:12,,0,0,
1154,1155,219,610,,2021-02-28 03:55:50,2021-02-28 03:55:50,,0,1,
1155,1156,219,610,,2021-02-28 04:10:28,2021-02-28 04:10:28,,0,0,
1156,1157,220,730,,2021-03-01 16:23:46,2021-03-01 16:23:46,,0,0,
1157,1158,220,555,,2021-03-02 19:35:59,2021-03-14 00:42:47,,0,1,5.0
1158,1159,239,555,,2021-03-02 19:48:26,2021-03-14 00:29:13,,0,1,3.0
1159,1160,239,612,,2021-03-04 01:41:08,2021-05-13 13:50:10,,0,1,6.0
1160,1161,220,612,,2021-03-04 21:22:11,2021-05-13 13:50:55,,0,1,7.0
1161,1162,239,562,,2021-03-05 15:48:09,2021-03-18 20:33:19,,0,1,8.0
1162,1163,239,566,,2021-03-05 16:07:15,2021-05-13 11:46:26,,0,1,6.0
1163,1164,220,566,,2021-03-05 18:36:23,2021-03-18 20:23:48,,0,1,3.0
1164,1165,220,575,,2021-03-05 20:27:13,2021-03-18 20:26:11,,0,1,9.0
1165,1166,239,575,,2021-03-05 21:01:24,2021-03-18 20:27:10,,0,1,9.0
1166,1167,220,606,,2021-03-06 21:18:04,2021-03-06 21:18:04,,0,1,
1167,1168,239,606,,2021-03-06 21:19:24,2021-03-06 21:19:24,,0,1,
1168,1169,220,671,,2021-03-07 03:16:51,2021-03-07 03:16:51,,0,1,
1169,1170,220,671,,2021-03-07 03:17:01,2021-03-07 03:17:01,,0,0,
1170,1171,220,610,,2021-03-07 04:46:59,2021-03-07 04:46:59,,0,1,
1171,1172,220,610,,2021-03-07 04:47:32,2021-03-07 04:47:32,,0,0,
1172,1173,239,610,,2021-03-07 04:48:21,2021-03-07 04:48:21,,0,1,
1173,1174,239,610,,2021-03-07 04:48:30,2021-03-07 04:48:30,,0,0,
1174,1175,217,555,,2021-03-08 15:07:08,2021-03-14 00:41:45,,0,1,8.0
1175,1176,240,555,,2021-03-08 15:17:19,2021-03-14 00:40:51,,0,1,7.0
1176,1177,230,732,,2021-03-08 22:03:54,2021-03-14 00:37:08,,0,1,10.0
1177,1178,230,554,,2021-03-10 14:18:39,2021-03-10 14:18:39,,0,0,
1178,1179,217,730,,2021-03-11 03:08:47,2021-03-11 03:08:47,,0,1,
1179,1180,217,730,,2021-03-11 03:08:55,2021-03-11 03:08:55,,0,0,
1180,1181,240,612,,2021-03-12 04:29:07,2021-03-12 04:29:07,,0,1,
1181,1182,217,612,,2021-03-12 04:48:14,2021-03-12 04:48:14,,0,1,
1182,1183,240,562,,2021-03-12 16:09:41,2021-03-14 02:00:55,,0,1,9.0
1183,1184,230,685,,2021-03-12 16:24:50,2021-03-12 16:24:50,,0,1,
1184,1185,240,566,,2021-03-13 00:35:37,2021-03-14 00:39:39,,0,1,5.0
1185,1186,217,566,,2021-03-13 02:26:23,2021-03-14 00:38:18,,0,1,3.0
1186,1187,230,575,,2021-03-13 20:57:39,2021-03-14 00:36:09,,0,1,8.0
1187,1188,217,575,,2021-03-13 21:30:48,2021-03-14 00:27:14,,0,1,10.0
1188,1189,240,575,,2021-03-13 22:07:22,2021-03-14 00:34:05,,0,1,9.0
1189,1190,217,606,,2021-03-14 02:03:06,2021-03-14 02:03:06,,0,1,
1190,1191,240,606,,2021-03-14 02:03:34,2021-03-14 02:03:34,,0,1,
1191,1192,230,671,,2021-03-14 04:01:11,2021-03-14 04:01:11,,0,1,
1192,1193,230,671,,2021-03-14 04:01:19,2021-03-14 04:01:19,,0,0,
1193,1194,217,671,,2021-03-14 04:02:58,2021-03-14 04:02:58,,0,1,
1194,1195,217,671,,2021-03-14 04:03:14,2021-03-14 04:03:14,,0,0,
1195,1196,217,610,,2021-03-14 04:58:11,2021-03-14 04:58:11,,0,0,
1196,1197,217,610,,2021-03-14 04:58:18,2021-03-14 04:58:18,,0,1,
1197,1198,240,610,,2021-03-14 04:58:21,2021-03-14 04:58:21,,0,1,
1198,1199,240,610,,2021-03-14 04:58:23,2021-03-14 04:58:23,,0,0,
1199,1200,231,554,,2021-03-15 13:02:47,2021-03-15 13:02:47,,0,0,
1200,1201,231,732,,2021-03-15 17:53:11,2021-04-14 14:33:28,,0,1,9.0
1201,1202,221,555,,2021-03-15 20:52:45,2021-03-25 16:53:19,,0,1,7.0
1202,1203,241,555,,2021-03-15 21:06:26,2021-03-25 16:51:47,,0,1,2.0
1203,1204,221,730,,2021-03-17 03:58:18,2021-03-17 03:58:18,,0,0,
1204,1205,221,612,,2021-03-18 15:23:55,2021-03-18 20:38:44,,0,1,8.0
1205,1206,241,612,,2021-03-18 19:16:21,2021-03-18 20:37:35,,0,1,7.0
1206,1207,231,575,,2021-03-18 20:05:28,2021-03-21 15:16:38,,0,1,7.0
1207,1208,221,575,,2021-03-18 20:56:12,2021-03-21 15:21:12,,0,1,9.0
1208,1209,241,575,,2021-03-18 20:58:19,2021-03-21 15:19:39,,0,1,6.0
1209,1210,241,562,,2021-03-20 01:22:04,2021-03-20 01:22:04,,0,1,
1210,1211,221,610,,2021-03-20 04:35:53,2021-03-20 04:35:53,,0,1,
1211,1212,221,610,,2021-03-20 04:36:58,2021-03-20 04:36:58,,0,0,
1212,1213,241,610,,2021-03-20 04:45:16,2021-03-20 04:45:16,,0,1,
1213,1214,241,610,,2021-03-20 04:46:35,2021-03-20 04:46:35,,0,0,
1214,1215,221,605,,2021-03-20 17:07:06,2021-03-21 19:49:17,,0,1,6.0
1215,1216,241,605,,2021-03-20 17:07:24,2021-03-21 19:50:21,,0,1,7.0
1216,1217,241,566,,2021-03-21 00:23:19,2021-03-21 00:23:19,,0,1,
1217,1218,231,671,,2021-03-21 02:59:06,2021-03-21 02:59:06,,0,1,
1218,1219,231,671,,2021-03-21 02:59:19,2021-03-21 02:59:19,,0,0,
1219,1220,221,671,,2021-03-21 02:59:54,2021-03-21 02:59:54,,0,1,
1220,1221,221,671,,2021-03-21 03:00:11,2021-03-21 03:00:11,,0,0,
1221,1222,221,606,,2021-03-21 03:18:32,2021-03-21 03:18:32,,0,1,
1222,1223,241,606,,2021-03-21 03:19:52,2021-03-21 03:19:52,,0,1,
1223,1224,230,734,,2021-03-24 14:14:30,2021-04-13 04:00:33,,0,1,5.0
1224,1225,231,734,,2021-03-25 04:03:47,2021-03-25 04:03:47,,0,1,
1225,1226,234,734,,2021-04-04 19:14:04,2021-04-04 19:14:04,,0,0,
1226,1227,234,733,,2021-04-05 14:30:55,2021-04-05 14:30:55,,0,1,
1227,1228,234,732,,2021-04-06 18:59:35,2021-04-10 20:47:01,,0,1,7.0
1228,1229,224,730,,2021-04-08 03:20:06,2021-04-08 03:20:06,,0,1,
1229,1230,224,730,,2021-04-08 03:20:20,2021-04-08 03:20:20,,0,0,
1230,1231,234,571,,2021-04-08 14:15:45,2021-04-08 14:15:45,,0,1,
1231,1232,224,555,,2021-04-08 14:57:53,2021-04-10 20:45:00,,0,1,3.0
1232,1233,234,658,,2021-04-08 15:37:38,2021-04-08 15:37:38,,0,1,
1233,1234,224,566,,2021-04-09 15:05:03,2021-04-10 20:46:06,,0,1,5.0
1234,1235,234,685,,2021-04-09 16:53:22,2021-04-09 16:53:22,,0,0,
1235,1236,234,685,,2021-04-09 16:55:32,2021-04-11 19:02:38,,0,1,5.0
1236,1237,224,605,,2021-04-09 21:49:10,2021-04-10 20:43:59,,0,1,7.0
1237,1238,234,575,,2021-04-10 00:44:47,2021-04-10 20:41:44,,0,1,8.0
1238,1239,224,575,,2021-04-10 01:34:20,2021-04-10 20:42:51,,0,1,5.0
1239,1240,234,554,,2021-04-10 18:17:29,2021-04-11 14:09:41,,0,1,8.0
1240,1241,234,554,,2021-04-10 19:08:12,2021-04-10 19:08:12,,0,0,
1241,1242,224,606,,2021-04-10 20:57:13,2021-04-10 20:57:13,,0,1,
1242,1243,234,671,,2021-04-11 00:43:16,2021-04-11 00:43:16,,0,1,
1243,1244,234,671,,2021-04-11 00:43:28,2021-04-11 00:43:28,,0,0,
1244,1245,224,671,,2021-04-11 00:43:46,2021-04-11 00:43:46,,0,1,
1245,1246,224,671,,2021-04-11 00:43:57,2021-04-11 00:43:57,,0,0,
1246,1247,224,610,,2021-04-11 01:48:51,2021-04-11 01:48:51,,0,1,
1247,1248,224,610,,2021-04-11 01:49:43,2021-04-11 01:49:43,,0,0,
1248,1249,234,734,,2021-04-14 14:07:43,2021-04-14 18:53:23,,0,1,3.0
1249,1250,226,730,,2021-04-25 22:59:09,2021-04-25 22:59:09,,0,1,
1250,1251,226,730,,2021-04-25 22:59:17,2021-04-25 22:59:17,,0,0,
1251,1252,226,555,,2021-04-26 16:14:56,2021-04-27 17:11:36,,0,1,6.0
1252,1253,228,685,,2021-04-26 18:22:18,2021-04-28 19:10:43,,0,1,2.0
1253,1254,231,685,,2021-04-26 18:45:45,2021-04-28 17:18:15,,0,1,4.0
1254,1255,226,561,,2021-04-28 01:27:03,2021-04-30 13:02:12,,0,1,5.0
1255,1256,226,606,,2021-04-29 19:07:18,2021-04-29 19:07:18,,0,1,
1256,1257,226,575,,2021-04-30 19:57:49,2021-05-02 16:47:55,,0,1,9.0
1257,1258,226,605,,2021-05-01 12:11:32,2021-05-02 16:46:57,,0,1,7.0
1258,1259,226,612,,2021-05-02 02:47:06,2021-05-02 16:48:59,,0,1,7.0
1259,1260,226,671,,2021-05-02 03:14:19,2021-05-02 03:14:19,,0,1,
1260,1261,226,671,,2021-05-02 03:14:39,2021-05-02 03:14:39,,0,0,
1261,1262,235,575,,2021-05-03 20:55:57,2021-05-04 12:28:48,,0,1,7.0
1262,1263,235,732,,2021-05-07 00:02:27,2021-05-08 17:25:16,,0,1,9.0
1263,1264,235,671,,2021-05-09 03:16:58,2021-05-09 03:16:58,,0,1,
1264,1265,235,671,,2021-05-09 03:17:08,2021-05-09 03:17:08,,0,0,
1265,1266,235,685,,2021-05-10 23:38:54,2021-05-10 23:38:54,,0,1,
1266,1267,230,664,,2021-05-11 02:44:20,2021-05-11 02:44:20,,0,1,
1267,1268,228,664,,2021-05-11 14:37:13,2021-05-11 18:31:31,,0,1,2.0
1268,1269,234,664,,2021-05-11 15:44:04,2021-05-12 16:41:11,,0,1,1.0
1269,1270,231,664,,2021-05-11 15:45:56,2021-05-11 18:28:24,,0,1,4.0
