,id,role,course_id,user_id,created_at,updated_at
0,5,1,2,1,2017-03-05 07:02:47,2017-03-05 07:02:47
1,6,3,2,6,2017-03-05 07:06:17,2017-03-05 08:16:04
2,7,3,2,7,2017-03-05 07:06:18,2017-03-05 14:54:56
3,8,3,2,8,2017-03-05 07:06:18,2017-03-08 00:46:26
4,9,6,2,9,2017-03-05 07:06:19,2017-05-14 14:19:38
5,10,3,2,10,2017-03-05 07:06:19,2017-03-13 01:39:55
6,11,3,2,11,2017-03-05 07:06:19,2017-03-07 13:57:43
7,12,3,2,12,2017-03-05 07:06:20,2017-03-05 07:28:51
8,13,1,3,1,2017-03-05 07:08:36,2017-03-05 07:08:36
9,14,3,3,13,2017-03-05 07:21:36,2017-03-10 05:18:09
10,15,3,3,14,2017-03-05 07:21:36,2017-03-05 13:41:10
11,16,3,3,15,2017-03-05 07:21:36,2017-03-05 09:03:12
12,17,3,3,16,2017-03-05 07:21:37,2017-03-15 06:43:06
13,18,3,3,17,2017-03-05 07:21:37,2017-03-06 08:21:06
14,19,6,3,18,2017-03-05 07:21:37,2017-04-05 05:12:00
15,20,3,3,19,2017-03-05 07:21:38,2017-03-05 12:30:10
16,21,3,3,20,2017-03-05 07:21:38,2017-03-07 17:28:25
17,22,3,3,21,2017-03-05 07:21:38,2017-03-08 05:10:42
18,23,3,3,22,2017-03-05 07:21:39,2017-03-05 07:47:36
19,24,3,3,23,2017-03-05 07:23:20,2017-03-15 06:40:54
20,25,3,3,24,2017-03-05 07:23:20,2017-03-07 15:45:53
21,26,3,3,25,2017-03-05 07:23:21,2017-03-05 07:29:37
22,27,3,3,26,2017-03-05 07:23:21,2017-03-08 06:39:46
23,28,3,3,27,2017-03-05 07:23:21,2017-03-06 12:18:04
24,29,3,3,28,2017-03-05 07:23:22,2017-03-06 07:03:45
25,30,3,3,29,2017-03-05 07:23:22,2017-03-13 08:31:53
26,31,3,3,30,2017-03-05 07:23:22,2017-03-15 06:42:16
27,32,3,3,12,2017-03-05 07:23:22,2017-03-05 07:28:54
28,33,3,3,31,2017-03-05 07:23:23,2017-03-13 08:18:55
29,34,3,3,32,2017-03-05 07:24:14,2017-03-08 06:39:48
30,35,3,3,33,2017-03-05 07:24:14,2017-03-13 07:44:32
31,36,3,3,34,2017-03-05 07:24:14,2017-03-06 16:01:09
32,37,3,3,35,2017-03-05 07:24:15,2017-03-06 07:03:44
33,38,3,3,36,2017-03-05 07:24:15,2017-03-06 07:03:22
34,39,3,3,37,2017-03-05 07:24:15,2017-03-06 15:44:19
35,40,3,2,38,2017-03-06 02:13:27,2017-03-08 08:09:17
36,41,3,3,39,2017-03-07 00:07:00,2017-03-07 04:18:44
37,42,1,4,1,2017-03-10 01:14:36,2017-03-10 01:14:36
38,43,3,4,40,2017-03-10 01:19:50,2017-03-14 04:12:57
39,44,3,4,41,2017-03-10 01:19:50,2017-03-10 07:10:47
40,45,3,4,42,2017-03-10 01:19:51,2017-03-24 03:53:54
41,46,3,4,43,2017-03-10 01:19:51,2017-03-13 11:26:26
42,47,3,4,44,2017-03-10 01:19:52,2017-03-24 09:15:17
43,48,3,4,45,2017-03-10 01:19:52,2017-03-10 07:09:13
44,49,3,4,46,2017-03-10 01:19:52,2017-03-13 09:30:29
45,50,3,4,47,2017-03-10 01:19:53,2017-03-10 01:25:43
46,51,3,4,48,2017-03-10 01:19:53,2017-03-20 04:06:05
47,52,3,4,49,2017-03-10 01:19:53,2017-03-20 06:52:34
48,53,3,4,50,2017-03-10 01:19:54,2017-03-24 04:07:47
49,54,6,4,51,2017-03-10 01:19:54,2017-05-16 00:57:02
50,55,1,4,53,2017-03-13 05:18:50,2017-03-13 05:18:50
51,56,1,4,54,2017-03-13 05:18:50,2017-03-13 05:18:50
52,57,1,4,55,2017-03-13 05:18:50,2017-03-13 05:18:50
53,58,3,3,56,2017-03-13 08:38:47,2017-03-13 09:13:04
54,59,1,5,1,2017-03-17 08:22:26,2017-03-17 08:22:26
55,60,3,5,60,2017-03-17 08:24:31,2017-03-18 02:00:57
56,61,3,5,61,2017-03-17 08:27:29,2017-03-31 07:11:33
57,62,4,5,62,2017-03-17 08:43:51,2017-03-17 08:43:51
58,63,4,5,65,2017-03-31 08:51:38,2017-03-31 08:51:38
59,64,4,5,66,2017-03-31 08:51:39,2017-03-31 08:51:39
60,65,4,5,67,2017-03-31 08:51:39,2017-03-31 08:51:39
61,66,4,5,68,2017-03-31 08:51:40,2017-03-31 08:51:40
62,67,4,5,69,2017-03-31 08:51:40,2017-03-31 08:51:40
63,68,4,5,70,2017-03-31 08:51:40,2017-03-31 08:51:40
64,69,4,5,71,2017-03-31 08:51:41,2017-03-31 08:51:41
65,70,3,5,72,2017-03-31 08:51:41,2017-04-03 12:14:12
66,71,3,5,73,2017-03-31 08:51:42,2017-04-02 14:42:21
67,72,4,5,74,2017-03-31 08:51:42,2017-03-31 08:51:42
68,73,1,6,1,2017-05-03 01:24:18,2017-05-03 01:24:18
69,74,4,6,84,2017-05-03 04:00:28,2017-05-03 04:00:28
70,75,4,6,85,2017-05-03 04:00:29,2017-05-03 04:00:29
71,76,4,6,86,2017-05-03 04:00:30,2017-05-03 04:00:30
72,77,4,6,87,2017-05-03 04:00:30,2017-05-03 04:00:30
73,78,4,6,88,2017-05-03 04:00:31,2017-05-03 04:00:31
74,79,4,6,89,2017-05-03 04:00:31,2017-05-03 04:00:31
75,80,4,6,90,2017-05-03 04:00:32,2017-05-03 04:00:32
76,81,4,6,91,2017-05-03 04:00:33,2017-05-03 04:00:33
77,82,4,6,92,2017-05-03 04:00:33,2017-05-03 04:00:33
78,83,4,6,93,2017-05-03 04:00:34,2017-05-03 04:00:34
79,84,3,6,94,2017-05-03 04:00:35,2017-05-07 13:06:00
80,85,4,6,95,2017-05-07 14:27:08,2017-05-07 14:27:08
81,86,4,6,96,2017-05-07 14:27:09,2017-05-07 14:27:09
82,87,4,6,97,2017-05-07 14:27:09,2017-05-07 14:27:09
83,88,4,6,98,2017-05-07 14:27:10,2017-05-07 14:27:10
84,89,1,7,1,2017-08-26 09:31:16,2017-08-26 09:31:16
85,90,1,8,1,2017-08-26 09:32:00,2017-08-26 09:32:00
86,91,1,9,1,2017-08-26 09:32:52,2017-08-26 09:32:52
87,92,3,7,105,2017-08-28 03:05:39,2017-08-29 10:01:18
88,93,6,7,106,2017-08-28 03:05:40,2017-09-10 08:20:46
89,94,3,7,107,2017-08-28 03:05:41,2017-08-29 02:30:44
90,95,6,7,108,2017-08-28 03:05:41,2017-09-10 08:18:35
91,96,3,7,109,2017-08-28 03:05:42,2017-08-29 07:22:43
92,97,3,7,110,2017-08-28 03:05:42,2017-08-29 19:38:28
93,98,6,7,37,2017-08-28 03:05:42,2017-09-03 08:48:37
94,99,3,7,111,2017-08-28 03:07:01,2017-08-28 08:17:06
95,100,3,7,112,2017-08-28 03:07:01,2017-08-29 14:32:03
96,101,6,7,22,2017-08-28 03:07:01,2017-09-03 08:47:53
97,102,3,7,113,2017-08-28 03:07:02,2017-08-29 10:47:24
98,103,6,7,114,2017-08-28 03:07:02,2017-09-10 08:22:59
99,104,6,7,115,2017-08-28 03:07:03,2017-09-10 08:19:25
100,105,6,7,116,2017-08-28 03:08:00,2017-09-10 08:19:39
101,106,6,7,117,2017-08-28 03:08:01,2017-09-10 08:23:26
102,107,3,7,118,2017-08-28 03:08:02,2017-08-29 07:47:53
103,108,3,7,119,2017-08-28 03:08:03,2017-08-30 13:34:15
104,109,6,7,120,2017-08-28 03:08:03,2017-09-10 08:19:57
105,110,6,8,121,2017-08-28 03:11:22,2018-02-27 06:37:23
106,111,3,8,105,2017-08-28 03:11:22,2017-08-29 10:01:24
107,112,3,8,106,2017-08-28 03:11:22,2017-08-29 06:00:22
108,113,3,8,112,2017-08-28 03:11:22,2017-08-29 14:32:08
109,114,6,8,122,2017-08-28 03:11:23,2017-09-10 08:27:57
110,115,3,8,123,2017-08-28 03:11:56,2017-08-30 11:41:59
111,116,6,8,107,2017-08-28 03:11:56,2017-09-10 08:29:07
112,117,6,8,124,2017-08-28 03:11:57,2017-09-10 08:28:17
113,118,3,8,125,2017-08-28 03:11:57,2017-08-30 00:21:37
114,119,6,8,126,2017-08-28 03:11:58,2017-10-29 06:38:03
115,120,6,8,127,2017-08-28 03:12:35,2017-09-10 08:28:27
116,121,3,8,117,2017-08-28 03:12:35,2017-08-29 10:00:31
117,122,3,8,128,2017-08-28 03:12:36,2017-08-29 03:38:48
118,123,3,8,129,2017-08-28 03:12:36,2017-08-29 06:48:17
119,124,3,8,119,2017-08-28 03:12:36,2017-08-30 13:34:49
120,125,3,8,130,2017-08-28 03:12:37,2017-08-29 06:46:57
121,127,1,9,131,2017-08-28 05:45:44,2017-08-28 05:45:44
122,128,3,9,39,2017-08-28 06:09:24,2017-08-29 07:48:01
123,129,3,9,132,2017-08-28 06:09:25,2017-08-29 07:23:29
124,130,3,9,38,2017-08-28 06:09:25,2017-08-30 05:08:55
125,131,3,9,133,2017-08-28 06:09:26,2017-08-30 10:39:52
126,132,3,9,134,2017-08-28 06:09:52,2017-08-31 06:32:01
127,133,6,9,135,2017-08-28 06:09:52,2017-09-10 08:47:57
128,134,3,9,136,2017-08-28 06:09:53,2017-08-31 08:04:45
129,135,3,9,111,2017-08-28 06:09:53,2017-08-28 08:17:07
130,136,3,9,6,2017-08-28 06:10:17,2017-08-29 07:24:03
131,137,3,9,137,2017-08-28 06:10:18,2017-08-29 07:22:29
132,138,3,9,19,2017-08-28 06:10:18,2017-08-29 14:44:19
133,139,3,9,20,2017-08-28 06:10:18,2017-08-30 00:24:59
134,140,3,9,138,2017-08-28 06:10:47,2017-08-29 07:30:28
135,141,3,9,22,2017-08-28 06:10:47,2017-08-29 09:20:28
136,142,3,9,8,2017-08-28 06:10:47,2017-08-31 04:37:49
137,143,3,9,139,2017-08-28 06:10:47,2017-08-30 04:12:46
138,144,3,9,140,2017-08-28 06:11:25,2017-08-29 07:29:32
139,145,3,9,125,2017-08-28 06:11:25,2017-08-30 00:21:35
140,146,6,9,126,2017-08-28 06:11:25,2017-09-10 08:50:11
141,147,3,9,25,2017-08-28 06:11:25,2017-08-29 07:21:36
142,148,6,9,113,2017-08-28 06:11:57,2017-09-10 08:50:59
143,149,6,9,127,2017-08-28 06:11:57,2017-09-10 08:48:10
144,150,3,9,141,2017-08-28 06:11:57,2017-08-31 07:36:43
145,151,3,9,114,2017-08-28 06:11:57,2017-08-31 07:05:44
146,152,3,9,142,2017-08-28 06:12:25,2017-08-30 08:21:53
147,153,3,9,143,2017-08-28 06:12:26,2017-08-29 13:57:42
148,154,6,9,144,2017-08-28 06:12:27,2017-09-10 08:51:57
149,155,3,9,128,2017-08-28 06:12:27,2017-08-29 03:38:44
150,156,3,9,129,2017-08-28 06:12:55,2017-08-29 06:48:20
151,157,3,9,145,2017-08-28 06:12:56,2017-08-29 07:26:51
152,158,3,9,146,2017-08-28 06:12:56,2017-08-29 07:44:28
153,159,6,9,109,2017-08-28 06:12:56,2017-09-10 08:48:39
154,160,3,9,118,2017-08-28 06:13:33,2017-08-29 07:47:56
155,161,3,9,147,2017-08-28 06:13:33,2017-08-31 07:19:07
156,162,3,9,119,2017-08-28 06:13:33,2017-08-30 13:34:52
157,163,6,9,148,2017-08-28 06:14:01,2017-09-10 08:52:50
158,164,3,9,36,2017-08-28 06:14:01,2017-08-31 07:38:20
159,165,3,9,130,2017-08-28 06:14:01,2017-08-29 06:46:59
160,166,3,9,149,2017-08-28 06:14:02,2017-08-29 11:26:55
161,167,3,9,37,2017-08-28 06:14:09,2017-08-29 07:27:12
162,168,3,8,153,2017-08-30 12:08:49,2017-08-31 05:10:11
163,169,6,7,157,2017-08-31 03:12:12,2017-09-10 08:20:29
164,170,1,10,1,2017-09-29 09:10:04,2017-09-29 09:10:04
165,171,3,10,163,2017-09-29 09:14:32,2017-10-10 16:10:14
166,172,1,11,1,2017-10-25 05:30:59,2017-10-25 05:30:59
167,173,1,11,165,2017-10-25 05:32:12,2017-10-25 05:32:12
168,174,1,12,1,2018-02-13 14:25:31,2018-02-13 14:25:31
169,175,1,12,169,2018-02-13 14:26:22,2018-02-13 14:26:22
170,176,1,13,1,2018-02-26 02:26:40,2018-02-26 02:26:40
171,177,1,14,1,2018-02-26 02:29:58,2018-02-26 02:29:58
172,178,6,13,170,2018-02-26 02:31:58,2018-03-06 06:08:18
173,179,3,13,171,2018-02-26 02:31:58,2018-03-01 13:38:50
174,180,6,13,172,2018-02-26 02:31:59,2018-03-17 09:01:39
175,181,3,13,122,2018-02-26 02:31:59,2018-02-27 05:05:59
176,182,3,13,107,2018-02-26 02:31:59,2018-02-27 04:33:56
177,183,3,13,138,2018-02-26 02:31:59,2018-03-03 06:07:48
178,184,3,13,173,2018-02-26 02:31:59,2018-02-27 05:04:48
179,185,3,13,140,2018-02-26 02:33:00,2018-02-27 04:30:00
180,186,6,13,174,2018-02-26 02:33:00,2018-03-17 09:01:26
181,187,3,13,141,2018-02-26 02:33:00,2018-03-04 09:28:01
182,188,3,13,144,2018-02-26 02:33:01,2018-02-27 02:50:55
183,189,3,13,175,2018-02-26 02:33:01,2018-03-05 08:07:38
184,190,3,13,145,2018-02-26 02:33:01,2018-02-27 01:49:32
185,191,3,14,176,2018-02-26 02:34:31,2018-03-17 14:32:10
186,192,3,14,13,2018-02-26 02:34:31,2018-03-07 14:32:18
187,193,6,14,177,2018-02-26 02:34:31,2018-03-06 06:15:10
188,194,6,14,178,2018-02-26 02:34:31,2018-03-06 06:32:37
189,195,6,14,179,2018-02-26 02:34:31,2018-03-06 06:25:36
190,196,6,14,180,2018-02-26 02:34:31,2018-05-07 23:56:34
191,197,6,14,181,2018-02-26 02:35:20,2018-05-08 00:15:06
192,198,6,14,182,2018-02-26 02:35:20,2018-03-17 14:15:17
193,199,6,14,183,2018-02-26 02:35:21,2018-03-06 06:32:58
194,200,6,14,184,2018-02-26 02:35:21,2018-03-06 06:36:29
195,201,3,14,185,2018-02-26 02:35:21,2018-03-17 14:34:19
196,202,3,14,125,2018-02-26 02:35:21,2018-02-27 01:45:02
197,203,6,14,186,2018-02-26 02:35:21,2018-03-06 06:33:40
198,204,6,14,187,2018-02-26 02:36:05,2018-03-06 06:34:00
199,205,3,14,144,2018-02-26 02:36:05,2018-02-27 02:50:51
200,206,3,14,175,2018-02-26 02:36:05,2018-03-05 08:07:34
201,207,3,14,188,2018-02-26 02:36:05,2018-03-06 03:17:52
202,208,3,14,129,2018-02-26 02:36:05,2018-02-27 02:00:49
203,209,3,14,145,2018-02-26 02:36:05,2018-02-27 01:49:35
204,210,6,14,189,2018-02-26 02:36:32,2018-03-17 14:26:31
205,211,6,14,190,2018-02-26 02:36:32,2018-03-17 14:15:54
206,212,6,14,191,2018-02-26 02:36:33,2018-03-06 06:34:34
207,213,3,14,130,2018-02-26 02:36:33,2018-02-27 01:52:27
208,214,6,14,192,2018-02-26 02:36:33,2018-03-17 14:15:37
209,215,6,8,136,2018-02-27 06:35:15,2018-02-27 06:37:39
210,216,3,13,121,2018-02-27 06:39:37,2018-03-02 01:23:47
211,217,3,13,136,2018-02-27 06:39:37,2018-03-01 13:56:30
212,218,6,14,193,2018-02-27 06:45:11,2018-03-06 06:35:06
213,219,3,13,194,2018-03-02 12:56:08,2018-03-03 06:57:48
214,220,1,15,1,2018-03-03 13:38:56,2018-03-03 13:38:56
215,221,4,15,195,2018-03-03 13:41:21,2018-03-03 13:41:21
216,222,4,15,196,2018-03-03 13:41:22,2018-03-03 13:41:22
217,223,4,15,197,2018-03-03 13:41:23,2018-03-03 13:41:23
218,224,4,15,198,2018-03-03 13:41:23,2018-03-03 13:41:23
219,225,4,15,199,2018-03-03 13:41:23,2018-03-03 13:41:23
220,226,4,15,200,2018-03-03 13:41:24,2018-03-03 13:41:24
221,227,4,15,201,2018-03-03 13:41:24,2018-03-03 13:41:24
222,228,4,15,202,2018-03-03 13:41:25,2018-03-03 13:41:25
223,229,4,15,203,2018-03-03 13:41:25,2018-03-03 13:41:25
224,230,3,14,205,2018-03-06 06:20:07,2018-03-17 14:35:34
225,231,3,14,204,2018-03-06 06:31:15,2018-03-17 14:36:03
226,232,6,14,206,2018-03-06 06:31:15,2018-03-17 14:16:51
227,233,6,14,207,2018-03-17 14:26:46,2018-05-07 23:56:18
228,234,1,16,1,2018-04-02 13:44:56,2018-04-02 13:44:56
229,235,1,16,211,2018-04-02 13:45:26,2018-04-02 13:45:26
230,236,1,17,1,2018-04-04 23:51:13,2018-04-04 23:51:13
231,237,1,17,209,2018-04-04 23:51:24,2018-04-04 23:51:24
232,238,1,18,1,2018-06-13 06:51:45,2018-06-13 06:51:45
233,239,1,19,1,2018-06-13 06:56:38,2018-06-13 06:56:38
234,240,1,18,209,2018-06-13 06:56:56,2018-06-13 06:56:56
235,241,1,19,209,2018-06-13 06:57:12,2018-06-13 06:57:12
236,242,1,20,1,2018-06-13 06:57:46,2018-06-13 06:57:46
237,243,1,21,1,2018-06-13 06:58:26,2018-06-13 06:58:26
238,244,1,22,1,2018-06-13 06:58:59,2018-06-13 06:58:59
239,245,1,20,209,2018-06-13 06:59:26,2018-06-13 06:59:26
240,246,1,21,209,2018-06-13 06:59:41,2018-06-13 06:59:41
241,247,1,22,209,2018-06-13 06:59:53,2018-06-13 06:59:53
242,248,1,23,1,2018-06-14 22:02:27,2018-06-14 22:02:27
243,249,1,23,209,2018-06-14 22:02:38,2018-06-14 22:02:38
244,250,3,23,215,2018-06-14 22:03:28,2018-07-13 19:36:55
245,251,3,23,217,2018-07-13 17:28:01,2018-07-13 19:30:42
246,252,4,23,218,2018-07-13 17:28:01,2018-07-13 17:28:01
247,253,4,23,219,2018-07-13 17:28:01,2018-07-13 17:28:01
248,254,4,23,221,2018-07-20 04:21:46,2018-07-20 04:21:46
249,255,3,23,222,2018-07-20 19:38:38,2018-07-20 19:54:20
250,256,3,23,223,2018-07-20 19:38:38,2018-07-20 19:56:03
251,257,1,24,1,2018-07-31 03:35:31,2018-07-31 03:35:31
252,258,1,24,225,2018-07-31 03:42:50,2018-07-31 03:42:50
253,259,1,25,1,2018-08-01 03:18:32,2018-08-01 03:18:32
254,260,1,25,226,2018-08-01 03:18:56,2018-08-01 03:18:56
255,261,1,26,1,2018-08-29 05:35:22,2018-08-29 05:35:22
256,262,3,26,230,2018-08-29 05:38:49,2018-08-29 13:53:02
257,263,3,26,170,2018-08-29 05:38:49,2018-08-29 05:54:28
258,264,3,26,172,2018-08-29 05:38:49,2018-09-04 00:16:48
259,265,3,26,231,2018-08-29 05:38:49,2018-09-03 13:28:48
260,266,3,26,179,2018-08-29 05:38:49,2018-08-29 06:49:43
261,267,3,26,232,2018-08-29 05:39:35,2018-08-29 10:36:25
262,268,3,26,233,2018-08-29 05:39:36,2018-08-29 07:53:19
263,269,3,26,174,2018-08-29 05:39:36,2018-08-29 14:35:08
264,270,3,26,234,2018-08-29 05:39:36,2018-08-29 09:35:02
265,271,3,26,235,2018-08-29 05:39:47,2018-09-04 00:19:23
266,272,3,26,236,2018-08-30 03:21:13,2018-08-31 01:16:55
267,273,3,26,237,2018-08-30 03:35:36,2018-09-04 00:18:25
268,274,3,26,153,2018-08-30 03:36:59,2018-09-04 00:18:50
269,275,1,27,1,2018-09-02 05:04:27,2018-09-02 05:04:27
270,276,4,27,239,2018-09-02 05:06:03,2018-09-07 08:32:14
271,277,4,27,240,2018-09-02 05:06:03,2018-09-07 08:32:45
272,278,4,27,241,2018-09-02 05:06:03,2018-09-07 08:32:45
273,279,4,27,242,2018-09-02 05:06:04,2018-09-07 08:32:45
274,280,4,27,243,2018-09-02 05:06:04,2018-09-07 08:32:45
275,281,4,27,244,2018-09-02 05:06:24,2018-09-07 08:33:11
276,282,4,27,245,2018-09-02 05:06:24,2018-09-07 08:33:11
277,283,4,27,246,2018-09-02 05:06:25,2018-09-07 08:33:11
278,284,4,27,247,2018-09-02 05:06:40,2018-09-07 08:33:11
279,285,6,27,248,2018-09-02 05:06:40,2018-09-06 04:26:45
280,286,4,27,249,2018-09-02 05:06:41,2018-09-07 08:33:43
281,287,4,27,250,2018-09-02 05:06:59,2018-09-07 08:33:43
282,288,4,27,251,2018-09-02 05:06:59,2018-09-07 08:33:43
283,289,6,27,252,2018-09-02 05:07:00,2018-09-06 04:27:19
284,290,6,27,253,2018-09-02 05:07:00,2018-09-06 04:27:41
285,291,6,27,254,2018-09-02 05:07:34,2018-09-06 04:26:09
286,292,6,27,255,2018-09-02 05:07:35,2018-09-06 04:23:25
287,293,6,27,256,2018-09-02 05:07:35,2018-09-06 04:28:20
288,294,6,27,257,2018-09-02 05:07:35,2018-09-06 04:27:54
289,295,6,27,258,2018-09-02 05:07:36,2018-09-06 04:28:50
290,296,6,27,259,2018-09-02 05:08:01,2018-09-06 04:29:35
291,297,6,27,260,2018-09-02 05:08:01,2018-09-06 04:30:11
292,298,6,27,261,2018-09-02 05:08:02,2018-09-06 04:28:31
293,299,6,27,262,2018-09-02 05:08:02,2018-09-06 04:28:41
294,300,6,27,263,2018-09-02 05:08:26,2018-09-06 04:29:23
295,301,6,27,264,2018-09-02 05:08:26,2018-09-06 04:29:13
296,302,6,27,265,2018-09-02 05:08:26,2018-09-06 04:29:02
297,303,6,27,266,2018-09-02 05:08:27,2018-09-06 04:28:05
298,304,6,27,267,2018-09-02 05:08:46,2018-09-06 04:30:54
299,305,6,27,268,2018-09-02 05:08:46,2018-09-06 04:31:06
300,306,6,27,269,2018-09-02 05:08:47,2018-09-06 04:30:36
301,307,6,27,270,2018-09-02 05:08:47,2018-09-06 04:29:46
302,308,6,27,271,2018-09-02 05:09:13,2018-09-06 04:29:57
303,309,6,27,272,2018-09-02 05:09:14,2018-09-06 04:31:18
304,310,6,27,273,2018-09-02 05:09:14,2018-09-06 04:31:46
305,311,6,27,274,2018-09-02 05:09:14,2018-09-06 04:30:21
306,312,6,27,275,2018-09-02 05:09:15,2018-09-06 04:31:27
307,313,6,27,276,2018-09-02 05:09:33,2018-09-06 04:31:37
308,314,6,27,277,2018-09-02 05:09:33,2018-09-06 04:31:56
309,315,6,27,278,2018-09-02 05:09:33,2018-09-06 04:22:46
310,316,6,27,281,2018-09-06 04:21:02,2018-09-06 04:22:16
311,317,1,27,282,2018-09-06 04:21:27,2018-09-06 04:21:27
312,318,1,27,283,2018-09-06 04:21:28,2018-09-06 04:21:28
313,319,3,27,284,2018-09-06 04:23:08,2018-09-28 01:33:32
314,320,3,27,285,2018-09-06 04:33:36,2018-10-28 03:40:23
315,321,3,27,286,2018-09-06 04:33:37,2018-09-16 00:58:56
316,322,4,27,287,2018-09-06 04:33:37,2018-09-06 04:33:37
317,323,4,27,288,2018-09-06 04:33:37,2018-09-06 04:33:37
318,324,4,27,289,2018-09-06 04:33:38,2018-09-06 04:33:38
319,325,4,27,290,2018-09-06 04:34:07,2018-09-06 04:34:07
320,326,4,27,291,2018-09-06 04:34:08,2018-09-06 04:34:08
321,327,4,27,292,2018-09-06 04:34:08,2018-09-06 04:34:08
322,328,4,27,293,2018-09-06 04:34:09,2018-09-06 04:34:09
323,329,3,27,294,2018-09-06 04:34:09,2018-10-06 01:17:48
324,330,3,27,295,2018-09-06 04:34:33,2018-11-28 01:55:46
325,331,4,27,296,2018-09-06 04:34:33,2018-09-06 04:34:33
326,332,3,27,297,2018-09-06 04:34:34,2018-10-11 04:00:05
327,333,4,27,298,2018-09-06 04:34:34,2018-09-06 04:34:34
328,334,3,27,299,2018-09-06 04:34:34,2018-09-18 00:42:34
329,335,4,27,300,2018-09-06 04:34:57,2018-09-06 04:34:57
330,336,4,27,301,2018-09-06 04:34:57,2018-09-06 04:34:57
331,337,3,27,302,2018-09-06 04:34:58,2018-10-25 01:16:33
332,338,4,27,303,2018-09-06 04:34:58,2018-09-07 08:34:47
333,339,3,27,304,2018-09-06 04:35:22,2018-10-10 06:10:07
334,340,4,27,305,2018-09-06 04:35:22,2018-09-07 08:34:47
335,341,4,27,306,2018-09-06 04:35:23,2018-09-07 08:34:47
336,342,4,27,307,2018-09-06 04:35:23,2018-09-07 08:34:24
337,343,4,27,308,2018-09-06 04:35:48,2018-09-07 08:34:24
338,344,3,27,309,2018-09-06 04:35:48,2018-09-27 00:57:22
339,345,4,27,310,2018-09-06 04:35:49,2018-09-07 08:34:24
340,346,3,27,311,2018-09-06 04:36:15,2018-11-28 02:32:14
341,347,1,28,1,2018-09-07 08:22:22,2018-09-07 08:22:22
342,348,1,28,312,2018-09-07 08:22:47,2018-09-07 08:22:47
343,349,1,29,1,2018-09-07 08:50:29,2018-09-07 08:50:29
344,350,3,29,313,2018-09-07 08:51:38,2018-09-14 08:18:55
345,351,3,29,105,2018-09-07 08:51:38,2018-09-14 11:42:24
346,352,3,29,314,2018-09-07 08:51:38,2018-09-11 04:52:44
347,353,3,29,315,2018-09-07 08:51:39,2018-09-16 08:08:20
348,354,3,29,316,2018-09-07 08:51:39,2018-09-16 07:48:51
349,355,3,29,20,2018-09-07 08:51:39,2018-09-08 02:17:21
350,356,3,29,317,2018-09-07 08:51:39,2018-09-12 03:26:32
351,357,3,16,319,2018-09-10 14:25:44,2018-09-10 14:27:07
352,358,4,16,320,2018-09-10 14:45:45,2018-09-10 14:45:45
353,359,3,16,321,2018-09-10 14:45:45,2018-09-10 14:46:35
354,360,1,30,1,2018-09-10 15:02:30,2018-09-10 15:02:30
355,361,1,30,211,2018-09-10 15:02:30,2018-09-10 15:02:30
356,362,4,16,323,2018-09-12 15:43:10,2018-09-12 15:43:10
357,363,4,16,324,2018-09-12 15:46:50,2018-09-12 15:46:50
358,364,4,16,325,2018-09-12 15:47:16,2018-09-12 15:47:16
359,365,3,30,326,2018-09-12 15:49:29,2018-09-18 18:17:04
360,366,3,30,327,2018-09-12 15:49:29,2018-09-13 17:49:54
361,367,3,30,328,2018-09-12 15:49:29,2018-09-13 22:00:12
362,368,3,30,329,2018-09-12 15:50:53,2018-09-18 01:54:08
363,369,3,30,330,2018-09-12 15:50:54,2018-09-12 18:32:31
364,370,3,30,331,2018-09-12 15:50:54,2018-09-17 13:11:58
365,371,3,30,332,2018-09-12 15:50:55,2018-09-18 14:33:35
366,372,3,30,333,2018-09-12 15:51:53,2018-09-17 17:37:34
367,373,3,30,334,2018-09-12 15:51:53,2018-09-17 02:16:40
368,374,3,30,335,2018-09-12 15:51:54,2018-09-17 17:29:41
369,375,3,30,336,2018-09-12 15:51:55,2018-09-13 21:36:58
370,376,3,30,337,2018-09-12 15:51:56,2018-09-18 01:15:10
371,377,3,30,338,2018-09-12 15:51:56,2018-09-13 21:39:27
372,378,3,30,339,2018-09-12 15:51:57,2018-09-20 00:17:30
373,379,4,30,340,2018-09-12 15:51:57,2018-09-12 15:52:23
374,380,3,30,341,2018-09-12 15:51:58,2018-09-13 21:44:11
375,381,3,30,342,2018-09-12 15:51:58,2018-09-14 00:09:34
376,382,3,30,343,2018-09-12 15:51:59,2018-09-13 22:04:08
377,383,3,30,344,2018-09-12 15:51:59,2018-09-13 21:36:50
378,384,3,30,345,2018-09-12 15:52:00,2018-09-17 13:45:17
379,385,3,30,346,2018-09-12 15:52:01,2018-09-13 21:40:17
380,386,3,30,347,2018-09-12 15:52:01,2018-09-16 21:41:15
381,387,3,30,348,2018-09-12 15:52:02,2018-09-17 21:01:24
382,388,3,30,349,2018-09-12 15:52:03,2018-09-13 21:38:14
383,389,3,30,350,2018-09-12 15:52:04,2018-09-17 00:52:00
384,390,3,30,351,2018-09-12 15:52:05,2018-09-13 21:45:20
385,391,3,30,352,2018-09-12 15:52:06,2018-09-17 03:02:23
386,392,3,30,353,2018-09-12 15:52:06,2018-09-13 21:37:23
387,393,3,30,354,2018-09-12 15:52:07,2018-09-16 18:31:02
388,394,3,30,355,2018-09-12 15:52:08,2018-09-19 22:20:31
389,395,3,30,356,2018-09-12 15:52:09,2018-09-17 01:46:01
390,396,3,30,357,2018-09-12 15:52:10,2018-09-12 16:44:22
391,397,3,30,358,2018-09-12 15:52:11,2018-09-13 21:37:40
392,398,3,30,359,2018-09-12 15:52:11,2018-09-13 21:37:10
393,399,4,30,360,2018-09-12 15:52:12,2018-09-12 15:52:25
394,400,3,30,361,2018-09-12 15:52:12,2018-09-13 21:37:20
395,401,3,30,362,2018-09-12 15:52:13,2018-09-18 02:10:47
396,402,3,30,363,2018-09-12 15:52:13,2018-09-19 04:38:05
397,403,3,30,364,2018-09-12 15:52:14,2018-09-19 12:29:39
398,404,4,30,365,2018-09-12 15:52:15,2018-09-12 15:52:26
399,405,4,30,366,2018-09-12 15:52:15,2018-09-12 15:52:26
400,406,3,30,367,2018-09-12 15:52:16,2018-09-16 23:48:17
401,407,3,30,368,2018-09-12 15:52:16,2018-09-13 21:50:26
402,408,3,30,369,2018-09-12 15:52:17,2018-09-17 01:17:49
403,409,3,30,370,2018-09-12 15:52:17,2018-09-16 15:43:30
404,410,3,30,371,2018-09-12 15:52:18,2018-09-13 21:48:39
405,411,3,30,372,2018-09-12 15:52:18,2018-09-17 11:48:56
406,412,3,30,373,2018-09-12 15:52:19,2018-09-16 12:04:08
407,413,3,30,374,2018-09-12 15:52:19,2018-10-25 23:29:21
408,414,4,30,375,2018-09-12 15:52:20,2018-09-12 15:52:27
409,415,4,30,376,2018-09-12 15:52:21,2018-09-12 15:52:27
410,416,4,30,377,2018-09-12 15:52:22,2018-09-12 15:52:27
411,417,3,16,381,2018-09-13 21:15:22,2018-09-13 21:36:47
412,418,3,30,394,2018-09-17 15:16:30,2018-11-19 17:14:42
413,419,1,24,399,2018-10-08 01:08:34,2018-10-08 01:08:34
414,420,3,30,402,2018-10-18 22:06:08,2018-10-22 02:29:36
415,421,3,30,403,2018-10-18 22:06:08,2018-10-22 02:26:54
416,422,4,30,404,2018-10-18 22:06:08,2018-10-18 22:06:08
417,423,4,24,406,2018-10-24 13:46:24,2018-10-24 13:46:24
418,424,4,24,407,2018-10-24 13:46:24,2018-10-24 13:46:24
419,425,3,24,408,2018-10-24 13:46:24,2018-10-25 20:23:06
420,426,3,24,409,2018-10-24 13:46:25,2018-11-05 02:16:13
421,427,3,24,410,2018-10-24 13:46:25,2018-10-25 20:32:26
422,428,3,24,411,2018-10-24 13:46:25,2018-11-05 04:37:06
423,429,4,24,412,2018-10-24 13:46:25,2018-10-24 13:46:25
424,430,4,24,413,2018-10-24 13:46:25,2018-10-24 13:46:25
425,431,4,24,414,2018-10-24 13:46:26,2018-10-24 13:46:26
426,432,1,27,418,2018-10-26 00:03:26,2018-10-26 00:03:26
427,433,1,31,1,2019-02-22 04:32:26,2019-02-22 04:32:26
428,434,1,32,1,2019-02-22 04:45:45,2019-02-22 04:45:45
429,435,6,32,178,2019-02-23 23:31:01,2019-03-03 23:42:34
430,436,6,32,433,2019-02-23 23:31:01,2019-03-03 23:45:04
431,437,6,32,434,2019-02-23 23:31:01,2019-03-03 23:45:24
432,438,3,32,122,2019-02-23 23:31:01,2019-02-25 08:44:11
433,439,3,32,435,2019-02-23 23:31:02,2019-02-27 02:25:33
434,440,6,32,436,2019-02-23 23:31:02,2019-03-03 23:42:49
435,441,3,32,173,2019-02-23 23:31:02,2019-02-24 15:43:09
436,442,3,32,437,2019-02-23 23:31:02,2019-02-27 02:21:04
437,443,3,32,438,2019-02-23 23:31:02,2019-02-27 02:27:20
438,444,3,31,440,2019-02-24 12:10:13,2019-03-01 14:13:53
439,445,3,31,432,2019-02-24 12:10:13,2019-02-25 04:30:42
440,446,3,31,441,2019-02-24 12:10:13,2019-02-24 22:25:37
441,447,3,31,442,2019-02-24 12:10:13,2019-02-25 09:29:15
442,448,3,31,434,2019-02-24 12:10:13,2019-02-25 07:45:34
443,449,3,31,443,2019-02-24 12:10:13,2019-02-26 05:54:00
444,450,3,31,444,2019-02-24 12:10:13,2019-02-25 13:31:53
445,451,3,31,445,2019-02-24 12:10:14,2019-02-27 06:39:40
446,452,3,31,446,2019-02-24 12:10:14,2019-02-27 02:40:41
447,453,3,31,447,2019-02-24 12:10:14,2019-02-28 02:24:47
448,454,3,31,448,2019-02-24 12:10:14,2019-02-28 11:40:25
449,455,3,31,449,2019-02-24 12:13:16,2019-02-26 07:24:23
450,456,3,31,450,2019-02-24 12:13:16,2019-02-26 12:18:16
451,457,4,31,451,2019-02-24 12:13:16,2019-05-08 05:01:37
452,458,3,31,452,2019-02-24 12:13:17,2019-02-27 06:44:42
453,459,3,31,153,2019-02-24 12:13:17,2019-03-04 06:39:53
454,460,6,31,453,2019-02-24 12:13:17,2019-03-12 01:45:16
455,461,6,31,454,2019-02-24 12:13:18,2019-03-12 01:42:29
456,462,3,31,455,2019-02-24 12:13:19,2019-02-26 03:12:28
457,463,6,31,456,2019-02-24 12:13:19,2019-03-12 01:46:08
458,464,3,31,457,2019-02-24 12:13:19,2019-02-25 01:46:26
459,465,3,31,458,2019-02-24 12:13:19,2019-02-27 06:39:36
460,466,6,31,459,2019-02-24 12:13:20,2019-03-12 01:42:54
461,467,3,31,460,2019-02-24 12:13:20,2019-02-25 03:30:40
462,468,3,31,116,2019-02-24 12:15:40,2019-02-27 06:40:58
463,469,3,31,461,2019-02-24 12:15:40,2019-02-25 07:41:25
464,470,6,31,462,2019-02-24 12:15:41,2019-03-12 01:43:14
465,471,3,31,191,2019-02-24 12:15:41,2019-02-26 04:42:15
466,472,3,31,463,2019-02-24 12:15:42,2019-02-26 01:39:17
467,473,3,31,464,2019-02-24 12:15:42,2019-02-25 07:48:46
468,474,3,31,148,2019-02-24 12:15:42,2019-03-01 13:57:39
469,475,6,31,465,2019-02-24 12:15:42,2019-03-12 01:43:37
470,476,3,31,466,2019-02-24 12:15:42,2019-02-26 09:47:28
471,477,3,31,467,2019-02-24 12:15:42,2019-03-04 06:47:19
472,478,3,31,468,2019-02-24 12:15:42,2019-02-27 07:09:06
473,479,3,31,469,2019-02-24 12:15:43,2019-02-25 12:25:58
474,480,3,31,470,2019-02-24 12:15:43,2019-02-25 07:49:14
475,481,3,31,471,2019-02-24 12:17:38,2019-02-28 02:20:49
476,482,3,31,472,2019-02-24 12:17:39,2019-02-26 12:21:27
477,483,6,31,473,2019-02-24 12:17:39,2019-03-12 01:43:53
478,484,1,31,105,2019-02-27 01:08:34,2019-02-27 01:08:34
479,485,3,32,490,2019-02-27 03:05:50,2019-02-27 09:17:05
480,486,6,32,492,2019-03-03 23:44:36,2019-03-18 00:51:58
481,487,3,31,493,2019-03-06 07:58:55,2019-03-07 05:13:12
482,488,1,33,1,2019-08-24 16:33:58,2019-08-24 16:33:58
483,489,1,34,1,2019-08-24 16:38:19,2019-08-24 16:38:19
484,490,1,35,1,2019-08-24 16:39:07,2019-08-24 16:39:07
485,491,1,36,1,2019-08-24 20:30:57,2019-08-24 20:30:57
486,492,3,36,514,2019-08-26 17:39:00,2019-08-27 17:50:46
487,493,3,36,515,2019-08-26 17:39:00,2019-08-27 17:59:25
488,494,3,36,516,2019-08-26 17:39:00,2019-08-26 19:37:45
489,495,3,36,517,2019-08-26 17:39:00,2019-08-27 21:49:25
490,496,3,36,518,2019-08-26 17:39:01,2019-08-27 17:53:50
491,497,3,36,519,2019-08-26 17:39:01,2019-08-27 17:43:04
492,498,3,36,520,2019-08-26 17:39:01,2019-08-27 17:51:27
493,499,6,36,521,2019-08-26 17:39:01,2019-10-29 10:32:04
494,500,3,36,522,2019-08-26 17:39:02,2019-08-28 20:01:37
495,501,3,36,523,2019-08-26 17:39:02,2019-08-27 17:51:54
496,502,3,36,524,2019-08-26 17:39:02,2019-08-27 20:22:36
497,503,3,36,525,2019-08-26 17:39:02,2019-08-27 12:58:01
498,504,3,36,526,2019-08-26 17:39:03,2019-08-27 15:06:01
499,505,6,36,527,2019-08-26 17:39:03,2019-09-01 16:32:52
500,506,6,36,528,2019-08-26 17:39:03,2019-09-01 16:32:19
501,507,3,36,529,2019-08-26 17:39:03,2019-08-27 11:17:32
502,508,3,36,530,2019-08-26 17:39:04,2019-08-28 23:26:35
503,509,6,36,531,2019-08-26 17:39:04,2019-09-01 16:32:05
504,510,3,36,532,2019-08-26 17:39:04,2019-08-27 09:22:12
505,511,6,36,533,2019-08-26 17:39:04,2019-09-11 18:50:00
506,512,6,34,535,2019-08-26 17:40:27,2019-09-18 17:04:34
507,513,3,34,536,2019-08-26 17:40:27,2019-08-27 19:18:14
508,514,3,34,537,2019-08-26 17:40:27,2019-08-27 19:18:35
509,515,3,34,538,2019-08-26 17:40:27,2019-08-26 17:42:38
510,516,6,34,539,2019-08-26 17:40:27,2019-09-20 14:03:57
511,517,3,34,540,2019-08-26 17:40:28,2019-08-27 19:18:32
512,518,3,34,541,2019-08-26 17:40:28,2019-08-27 19:18:38
513,519,3,34,542,2019-08-26 17:40:29,2019-08-26 17:43:18
514,520,3,34,543,2019-08-26 17:40:29,2019-08-27 19:18:25
515,521,3,34,544,2019-08-26 17:40:29,2019-08-27 04:03:15
516,522,3,34,545,2019-08-26 17:40:29,2019-08-27 19:18:42
517,523,3,34,546,2019-08-26 17:40:29,2019-08-27 19:18:35
518,524,3,34,547,2019-08-26 17:40:30,2019-08-27 19:18:21
519,525,3,34,548,2019-08-26 17:40:30,2019-08-27 19:18:12
520,526,3,34,549,2019-08-26 17:40:30,2019-08-27 19:18:15
521,527,3,34,550,2019-08-26 17:40:30,2019-08-26 18:52:15
522,528,3,34,551,2019-08-26 17:40:30,2019-08-27 19:18:10
523,529,3,33,552,2019-08-26 17:42:58,2019-09-06 16:08:47
524,530,6,33,534,2019-08-26 17:42:58,2019-09-15 00:51:36
525,531,3,33,553,2019-08-26 17:42:58,2019-08-28 03:00:02
526,532,3,33,554,2019-08-26 17:42:59,2019-08-26 18:01:47
527,533,3,33,555,2019-08-26 17:42:59,2019-08-26 23:06:55
528,534,3,33,556,2019-08-26 17:42:59,2019-09-02 23:39:08
529,535,3,33,557,2019-08-26 17:43:00,2019-08-26 18:29:03
530,536,3,33,558,2019-08-26 17:43:00,2019-08-27 17:34:33
531,537,6,33,559,2019-08-26 17:43:00,2019-09-15 00:52:50
532,538,6,33,560,2019-08-26 17:43:00,2019-09-15 00:53:50
533,539,6,33,513,2019-08-26 17:43:00,2019-09-15 00:53:14
534,540,3,33,561,2019-08-26 17:43:01,2019-08-28 13:31:25
535,541,3,33,562,2019-08-26 17:43:01,2019-08-26 20:57:32
536,542,3,33,563,2019-08-26 17:43:01,2019-09-02 21:12:06
537,543,3,33,564,2019-08-26 17:43:02,2019-08-27 23:23:53
538,544,3,33,565,2019-08-26 17:43:02,2019-08-28 16:11:35
539,545,3,33,566,2019-08-26 17:43:02,2019-08-30 16:00:44
540,546,3,35,567,2019-08-26 17:43:34,2019-08-26 19:34:25
541,547,3,35,568,2019-08-26 17:43:35,2019-08-26 20:04:36
542,548,3,35,569,2019-08-26 17:43:35,2019-08-26 20:04:08
543,549,3,35,570,2019-08-26 17:43:35,2019-08-26 20:55:35
544,550,3,35,571,2019-08-26 17:43:35,2019-08-26 20:04:30
545,551,3,35,572,2019-08-26 17:43:36,2019-08-26 20:04:32
546,552,3,35,573,2019-08-26 17:43:36,2019-08-26 20:04:45
547,553,3,35,574,2019-08-26 17:43:36,2019-08-28 12:58:30
548,554,3,35,575,2019-08-26 17:43:36,2019-08-26 20:04:29
549,555,3,35,576,2019-08-26 17:43:36,2019-08-26 20:34:23
550,556,3,36,586,2019-09-01 16:26:54,2019-09-17 17:02:09
551,557,3,36,587,2019-09-01 16:30:18,2019-09-03 17:25:43
552,558,1,37,1,2019-10-24 20:30:05,2019-10-24 20:30:05
553,559,1,37,597,2019-10-24 20:30:56,2019-10-24 20:30:56
554,560,1,38,1,2020-01-22 14:44:02,2020-01-22 14:44:02
555,561,3,38,555,2020-01-22 22:50:01,2020-01-23 22:19:16
556,562,3,38,606,2020-01-23 22:53:27,2020-01-24 17:21:27
557,563,3,38,562,2020-01-24 01:47:45,2020-01-24 17:21:32
558,564,3,38,608,2020-01-24 16:31:20,2020-01-24 17:21:33
559,565,3,38,612,2020-01-24 16:33:23,2020-01-24 17:22:43
560,566,3,38,566,2020-01-24 16:56:04,2020-01-24 17:21:37
561,567,3,38,561,2020-01-24 16:56:15,2020-01-24 17:21:42
562,568,3,38,558,2020-01-24 16:57:35,2020-01-24 17:21:46
563,569,3,38,610,2020-01-24 16:58:09,2020-01-24 17:21:44
564,570,3,38,611,2020-01-24 16:59:15,2020-01-24 17:21:49
565,571,3,38,605,2020-01-24 16:59:52,2020-01-24 17:21:48
566,572,3,38,607,2020-01-24 17:49:34,2020-01-24 17:51:28
567,574,1,39,632,2020-06-29 18:22:20,2020-06-29 18:22:20
568,575,1,40,1,2020-08-17 14:27:17,2020-08-17 14:27:17
569,576,1,41,1,2020-08-17 14:28:00,2020-08-17 14:28:00
570,577,1,42,1,2020-08-19 17:18:23,2020-08-19 17:18:23
571,578,3,42,605,2020-08-23 15:03:11,2020-08-23 20:29:25
572,579,7,39,643,2020-08-23 16:45:05,2020-08-23 16:45:05
573,580,3,42,561,2020-08-24 00:58:41,2020-08-24 12:56:44
574,581,3,40,649,2020-08-24 01:06:02,2020-08-24 12:56:49
575,582,3,42,652,2020-08-24 11:38:02,2020-08-24 12:56:51
576,583,3,40,654,2020-08-24 11:52:46,2020-08-24 12:56:52
577,584,3,42,555,2020-08-24 13:56:05,2020-08-24 14:26:25
578,585,3,42,650,2020-08-24 13:56:18,2020-08-24 14:26:26
579,586,3,42,575,2020-08-24 13:56:51,2020-08-24 14:26:27
580,587,3,42,612,2020-08-24 13:57:52,2020-08-24 14:26:28
581,588,3,42,558,2020-08-24 15:07:28,2020-08-24 19:00:37
582,589,3,42,646,2020-08-24 19:45:53,2020-08-24 19:47:41
583,590,7,39,641,2020-08-24 22:34:11,2020-08-24 22:34:11
584,591,3,40,662,2020-08-25 13:59:45,2020-08-25 14:51:36
585,592,3,40,655,2020-08-25 14:07:52,2020-08-25 14:51:37
586,593,3,40,639,2020-08-25 14:31:40,2020-08-25 14:51:38
587,594,3,40,645,2020-08-25 15:07:25,2020-08-25 15:10:22
588,595,3,41,641,2020-08-25 15:30:02,2020-08-25 15:30:10
589,596,3,42,647,2020-08-25 16:50:12,2020-08-25 18:23:27
590,597,3,41,647,2020-08-25 16:50:44,2020-08-25 18:23:28
591,598,3,41,643,2020-08-25 17:34:40,2020-08-25 18:23:29
592,599,3,41,560,2020-08-25 17:37:30,2020-08-25 18:23:30
593,600,3,40,657,2020-08-25 18:46:16,2020-08-25 18:55:11
594,601,3,40,653,2020-08-25 20:22:43,2020-08-25 20:40:37
595,602,3,42,606,2020-08-25 22:39:27,2020-08-26 03:17:00
596,603,6,41,642,2020-08-25 23:39:57,2020-09-08 14:52:04
597,604,3,42,610,2020-08-26 02:08:09,2020-08-26 03:17:02
598,605,3,40,660,2020-08-26 14:36:36,2020-08-26 14:38:49
599,606,3,40,658,2020-08-26 15:36:38,2020-08-26 16:16:44
600,607,3,41,666,2020-08-26 16:07:23,2020-08-26 16:16:45
601,608,3,41,652,2020-08-26 16:08:56,2020-08-26 16:16:46
602,609,3,40,671,2020-08-26 16:14:34,2020-08-26 16:16:49
603,610,3,40,656,2020-08-26 16:14:42,2020-08-26 16:16:39
604,611,3,40,661,2020-08-26 16:50:18,2020-08-26 16:50:25
605,612,3,40,674,2020-08-26 17:51:25,2020-08-26 20:17:10
606,613,3,41,669,2020-08-26 18:31:35,2020-08-26 20:17:11
607,614,3,41,663,2020-08-26 19:51:43,2020-08-26 20:17:12
608,615,3,41,667,2020-08-26 20:35:31,2020-08-26 21:31:39
609,616,3,40,675,2020-08-26 22:42:24,2020-08-26 23:00:50
610,617,3,41,668,2020-08-27 13:44:01,2020-08-27 13:45:03
611,618,3,42,566,2020-08-27 23:14:10,2020-08-27 23:51:39
612,619,3,40,676,2020-08-28 00:22:54,2020-08-28 00:33:43
613,620,3,40,678,2020-08-28 01:58:07,2020-08-28 11:14:51
614,621,3,40,679,2020-08-28 14:35:04,2020-08-28 14:36:04
615,622,3,40,681,2020-08-29 14:00:25,2020-08-29 17:28:07
616,623,3,41,682,2020-09-08 14:58:07,2020-09-08 15:13:32
617,624,3,40,642,2020-09-08 16:10:17,2020-09-08 16:41:08
618,625,3,41,659,2020-09-08 18:13:40,2020-09-08 18:24:19
619,626,3,40,672,2020-09-09 15:50:27,2020-09-10 13:23:08
620,627,3,40,685,2020-09-10 14:54:08,2020-09-10 15:04:01
621,628,6,40,680,2020-09-11 15:13:01,2020-11-03 14:48:00
622,629,3,40,690,2020-09-11 15:33:52,2020-09-11 16:33:42
623,630,3,40,664,2020-09-18 18:11:54,2020-09-18 18:25:47
624,631,1,43,1,2021-01-23 02:18:54,2021-01-23 02:18:54
625,632,1,44,1,2021-01-23 03:15:59,2021-01-23 03:15:59
626,633,1,45,1,2021-01-25 02:30:46,2021-01-25 02:30:46
627,634,3,43,606,2021-01-31 18:09:25,2021-02-01 19:04:00
628,635,3,44,647,2021-02-01 13:50:39,2021-02-01 19:04:03
629,636,3,43,647,2021-02-01 13:52:26,2021-02-01 19:04:07
630,637,3,43,555,2021-02-01 17:03:00,2021-02-01 19:04:11
631,638,3,43,605,2021-02-01 17:06:21,2021-02-01 19:04:12
632,639,3,45,555,2021-02-01 17:56:33,2021-02-01 19:04:14
633,640,3,45,605,2021-02-01 17:58:25,2021-02-01 19:04:20
634,641,3,45,612,2021-02-01 18:02:00,2021-02-01 19:04:21
635,642,3,45,606,2021-02-01 18:04:14,2021-02-01 19:05:06
636,643,3,43,558,2021-02-01 18:07:40,2021-02-01 19:04:59
637,644,3,45,558,2021-02-01 18:08:01,2021-02-01 19:05:00
638,645,3,45,659,2021-02-01 18:09:02,2021-02-01 19:04:31
639,646,3,45,574,2021-02-01 18:11:31,2021-02-01 19:05:02
640,647,3,43,730,2021-02-01 22:34:44,2021-02-02 20:15:28
641,648,3,44,608,2021-02-02 08:32:29,2021-02-02 20:15:30
642,649,3,45,561,2021-02-02 20:03:40,2021-02-02 20:15:24
643,650,3,43,561,2021-02-02 20:04:10,2021-02-02 20:15:26
644,651,3,44,658,2021-02-02 23:53:10,2021-02-03 04:12:40
645,652,3,44,731,2021-02-03 13:40:13,2021-02-03 16:28:10
646,653,3,44,575,2021-02-03 14:13:37,2021-02-03 16:28:15
647,654,3,43,575,2021-02-03 14:14:39,2021-02-03 16:28:17
648,655,3,44,732,2021-02-03 14:16:00,2021-02-03 16:28:21
649,656,3,45,575,2021-02-03 14:16:04,2021-02-03 16:28:24
650,657,3,43,612,2021-02-03 16:20:59,2021-02-03 16:28:25
651,658,3,43,654,2021-02-03 16:21:21,2021-02-03 16:28:27
652,659,3,45,562,2021-02-03 17:25:18,2021-02-03 17:39:30
653,660,3,44,671,2021-02-05 14:17:51,2021-02-05 14:18:47
654,661,3,44,571,2021-02-05 14:18:39,2021-02-05 14:18:45
655,662,3,44,685,2021-02-05 14:19:02,2021-02-05 14:51:43
656,663,3,44,554,2021-02-05 14:19:08,2021-02-05 14:51:45
657,664,3,43,671,2021-02-05 14:19:55,2021-02-05 14:51:47
658,665,3,44,666,2021-02-05 15:02:05,2021-02-10 13:29:33
659,666,3,43,610,2021-02-05 17:13:06,2021-02-05 17:13:23
660,667,3,45,610,2021-02-05 17:14:51,2021-02-05 17:15:16
661,668,3,43,661,2021-02-05 17:16:53,2021-02-05 17:17:02
662,669,3,45,566,2021-02-07 02:07:49,2021-02-07 02:09:31
663,670,3,43,566,2021-02-07 02:08:17,2021-02-07 02:09:32
664,671,3,45,731,2021-02-08 12:28:13,2021-02-08 13:19:14
665,672,3,44,733,2021-02-09 19:31:52,2021-02-10 02:38:32
666,673,3,44,734,2021-02-09 19:31:52,2021-02-09 19:36:26
667,674,3,44,664,2021-02-09 20:07:56,2021-02-25 20:09:56
668,675,1,46,1,2021-07-30 11:32:27,2021-07-30 11:32:27
669,676,1,46,766,2021-07-30 11:33:12,2021-07-30 11:33:12
670,677,1,47,1,2021-08-04 01:19:04,2021-08-04 01:19:04
671,678,1,47,767,2021-08-04 01:19:13,2021-08-04 01:19:13
672,679,1,48,1,2021-08-11 19:25:08,2021-08-11 19:25:08
673,680,1,48,769,2021-08-11 19:25:49,2021-08-11 19:25:49
674,681,1,49,1,2021-08-20 16:59:36,2021-08-20 16:59:36
675,682,1,49,774,2021-08-20 16:59:55,2021-08-20 16:59:55
676,683,1,50,1,2021-08-21 03:11:56,2021-08-21 03:11:56
677,684,1,51,1,2021-08-21 03:18:18,2021-08-21 03:18:18
678,685,1,52,1,2021-08-23 04:12:54,2021-08-23 04:12:54
679,686,3,51,778,2021-08-24 00:03:27,2021-08-25 18:25:25
680,687,3,50,730,2021-08-30 00:12:01,2021-08-30 04:39:34
681,688,3,51,788,2021-08-30 05:15:39,2021-08-30 05:49:12
682,689,3,51,780,2021-08-30 13:02:22,2021-08-30 13:57:22
683,690,3,51,676,2021-08-30 13:59:08,2021-08-30 15:26:31
684,691,3,51,782,2021-08-30 15:44:08,2021-08-30 18:23:59
685,692,6,51,786,2021-08-30 19:29:21,2021-10-27 01:26:13
686,693,3,51,791,2021-08-30 19:36:33,2021-08-30 20:49:02
687,694,3,51,783,2021-08-30 21:56:34,2021-08-30 23:03:27
688,695,3,51,792,2021-08-30 21:57:37,2021-08-30 23:03:30
689,696,3,51,794,2021-08-31 03:46:11,2021-08-31 16:35:19
690,697,3,50,554,2021-08-31 17:54:52,2021-08-31 18:15:06
691,698,3,50,654,2021-08-31 18:15:01,2021-08-31 18:15:09
692,699,8,50,668,2021-08-31 18:18:32,2021-08-31 19:25:50
693,700,3,50,787,2021-08-31 19:28:13,2021-08-31 19:45:32
694,701,6,51,668,2021-08-31 19:56:35,2021-08-31 19:57:54
695,702,3,52,668,2021-08-31 19:58:11,2021-08-31 20:56:06
696,703,3,51,796,2021-09-01 13:19:27,2021-09-01 13:50:37
697,704,3,51,781,2021-09-01 13:23:21,2021-09-01 13:50:39
698,705,3,51,777,2021-09-01 13:57:53,2021-09-01 13:58:12
699,706,3,51,797,2021-09-01 13:58:28,2021-09-01 14:00:10
700,707,3,51,790,2021-09-01 13:58:31,2021-09-01 14:00:12
701,708,3,51,799,2021-09-01 13:58:48,2021-09-01 14:00:41
702,709,3,51,795,2021-09-01 13:58:55,2021-09-01 14:00:35
703,710,3,51,789,2021-09-01 13:59:02,2021-09-01 14:00:37
704,711,3,51,784,2021-09-01 13:59:32,2021-09-01 14:00:38
705,712,3,51,776,2021-09-01 14:00:32,2021-09-01 14:00:40
706,713,3,51,793,2021-09-01 14:05:27,2021-09-01 14:17:08
707,714,6,51,801,2021-09-01 17:39:22,2021-09-10 12:51:56
708,715,3,50,801,2021-09-01 17:40:07,2021-09-01 17:49:38
709,716,3,52,649,2021-09-01 18:31:32,2021-09-01 21:47:44
710,717,3,52,639,2021-09-01 20:10:04,2021-09-01 21:47:43
711,718,3,50,639,2021-09-01 20:10:47,2021-09-01 21:47:45
712,719,3,47,806,2021-09-02 15:45:46,2021-09-02 15:49:35
713,720,3,47,789,2021-09-02 15:45:50,2021-09-02 15:49:21
714,721,3,47,810,2021-09-02 15:46:33,2021-09-02 15:49:43
715,722,3,47,804,2021-09-02 15:48:25,2021-09-02 15:49:41
716,723,3,47,809,2021-09-02 15:49:16,2021-09-02 15:50:11
717,724,3,47,805,2021-09-02 15:49:33,2021-09-02 15:49:39
718,725,3,47,807,2021-09-02 15:51:10,2021-09-02 15:51:29
719,726,3,47,808,2021-09-02 15:51:56,2021-09-02 15:52:18
720,727,3,47,803,2021-09-02 15:54:18,2021-09-02 15:54:22
721,728,3,47,802,2021-09-02 16:00:54,2021-09-02 16:00:58
722,729,3,51,540,2021-09-02 16:38:00,2021-09-02 16:53:14
723,730,3,52,554,2021-09-02 16:55:17,2021-09-02 16:55:46
724,731,3,52,661,2021-09-02 16:55:40,2021-09-02 16:55:53
725,732,3,52,564,2021-09-02 16:56:51,2021-09-02 16:57:13
726,733,3,52,671,2021-09-02 16:58:55,2021-09-02 16:59:36
727,734,3,50,671,2021-09-02 17:00:22,2021-09-02 18:26:50
728,735,6,52,681,2021-09-02 18:30:46,2021-09-09 18:17:55
729,736,6,52,655,2021-09-02 18:33:52,2021-09-09 18:17:43
730,737,3,51,800,2021-09-03 13:18:02,2021-09-03 13:20:07
731,738,3,51,798,2021-09-03 13:19:00,2021-09-03 13:20:09
732,739,3,50,655,2021-09-09 18:27:11,2021-09-09 18:27:53
733,740,3,50,681,2021-09-09 18:27:26,2021-09-09 18:27:54
734,741,3,51,653,2021-09-19 01:54:11,2021-10-01 16:05:21
735,742,3,51,664,2021-09-19 01:54:45,2021-09-22 02:02:51
736,744,1,53,814,2021-10-01 21:40:48,2021-10-01 21:40:48
