,version
0,20170115031828
1,20170115064115
2,20170115070431
3,20170115071238
4,20170115071944
5,20170115072104
6,20170115072301
7,20170115074013
8,20170115080733
9,20170115080901
10,20170115081145
11,20170115091046
12,20170115091956
13,20170115092752
14,20170115093038
15,20170115094815
16,20170115103526
17,20170115105424
18,20170115111424
19,20170115111609
20,20170116062743
21,20170116103703
22,20170117104127
23,20170117115431
24,20170117120755
25,20170118045213
26,20170118045302
27,20170118045614
28,20170118070916
29,20170119125723
30,20170119133102
31,20170119134145
32,20170120013435
33,20170120013843
34,20170120013944
35,20170120014106
36,20170120014709
37,20170120094750
38,20170126073154
39,20170127030217
40,20170127030436
41,20170127030610
42,20170206053808
43,20170206071120
44,20170208064148
45,20170209045242
46,20170209064126
47,20170213051438
48,20170219004833
49,20170220103043
50,20170225093221
51,20170225093259
52,20170227124407
53,20170228021027
54,20170303025903
55,20170316161141
56,20170318114421
57,20170318115157
58,20170318115702
59,20170318120059
60,20170318120238
61,20170318120547
62,20170318120735
63,20170318141645
64,20170320150239
65,20170330153632
66,20170331025301
67,20170331040142
68,20170331045901
69,20170401061207
70,20170401065733
71,20170402133941
72,20170402134023
73,20170406070704
74,20170406070715
75,20170407024545
76,20170410131734
77,20170411005748
78,20170411010018
79,20170411010208
80,20170419023423
81,20170419145439
82,20170425000307
83,20170524022348
84,20170524023157
85,20170524023603
86,20170524023820
87,20170524023947
88,20170524024114
89,20170524044413
90,20170524112411
91,20170527033545
92,20170529054801
93,20170529054817
94,20170616035248
95,20170616040505
96,20170618121948
97,20170621041602
98,20170621041603
99,20170621041604
100,20170622054334
101,20170622054630
102,20170630203730
103,20170630203930
104,20170701103930
105,20170701153930
106,20170701155140
107,20170701171634
108,20170701173434
109,20170701191534
110,20170702053534
111,20170702054534
112,20170702055534
113,20170728135355
114,20170728140605
115,20170728142028
116,20170729021942
117,20170729030240
118,20170731084719
119,20170803080009
120,20170807013336
121,20170824050028
122,20170828054803
123,20171009050315
124,20171014054009
125,20171014135440
126,20171014135942
127,20171017020030
128,20171022013628
129,20171026030636
130,20171103055606
131,20171118140620
132,20171225131145
133,20180115065402
134,20180129083336
135,20180226064814
136,20180228001942
137,20180318021636
138,20180320071940
139,20180401054814
140,20180407212714
141,20180913021018
142,20190113055316
143,20190204083206
144,20190204084200
145,20190423122433
146,20190423123022
147,20190428135713
148,20190508060916
149,20190520002703
150,20190520042318
151,20190520054740
152,20190521031731
153,20190523014532
154,20190621144829
155,20190818234515
156,20191028013641
157,20200103190548
158,20200429043801
159,20200621012559
160,20200706041850
161,20200811031128
162,20210330044054
163,20210330044055
164,20220219194244
165,20220226235110
166,20221201214357
167,20221204025950
